time_end,temperature_c_pred,rh_percent_pred,luminance_lux_pred,average_noise_db_pred,co2_ppm_pred,pm10_pred,tvoc_ppb_pred,pm2_5_pred
2025-04-01 07:00:00+00:00,22.1,49.7,265.9,49.7,487.9,15.8,0.4,10.9
2025-04-01 08:00:00+00:00,22.4,49.6,251.8,49.7,549.3,16.7,0.6,11.0
2025-04-01 09:00:00+00:00,22.7,50.4,403.6,49.7,604.2,17.0,0.6,11.3
2025-04-01 10:00:00+00:00,22.3,50.4,643.6,47.3,638.1,18.0,0.5,12.7
2025-04-01 11:00:00+00:00,22.4,50.5,665.1,47.9,647.8,18.3,0.5,13.4
2025-04-01 12:00:00+00:00,22.5,50.5,688.8,45.9,648.9,20.2,0.5,13.6
2025-04-01 13:00:00+00:00,23.3,50.3,721.7,50.1,504.0,17.2,0.6,11.5
2025-04-01 14:00:00+00:00,22.8,50.3,643.6,50.1,646.6,17.1,0.6,12.0
2025-04-01 15:00:00+00:00,22.9,50.3,394.4,48.4,648.8,21.1,0.5,14.2
2025-04-01 16:00:00+00:00,23.0,50.2,179.8,50.7,600.2,20.8,0.5,14.9
2025-04-01 17:00:00+00:00,22.7,50.3,173.7,50.7,509.8,21.2,0.5,15.6
2025-04-01 18:00:00+00:00,22.5,50.4,173.7,50.7,471.4,21.2,0.5,15.7
2025-04-01 19:00:00+00:00,22.5,50.6,173.7,48.3,455.4,21.3,0.4,15.7
2025-04-01 20:00:00+00:00,22.5,50.6,173.7,45.9,452.3,22.2,0.5,15.9
2025-04-01 21:00:00+00:00,22.6,50.7,173.7,45.9,451.8,22.4,0.4,16.1
2025-04-01 22:00:00+00:00,22.6,50.7,173.7,45.9,450.2,22.1,0.4,16.0
2025-04-01 23:00:00+00:00,22.6,50.8,173.7,45.9,455.3,24.5,0.4,16.6
2025-04-02 00:00:00+00:00,21.6,50.9,86.3,46.0,438.2,19.6,0.3,14.6
2025-04-02 01:00:00+00:00,22.4,50.9,86.3,45.9,438.5,19.8,0.3,14.1
2025-04-02 02:00:00+00:00,21.6,50.8,86.3,48.3,438.5,19.6,0.3,14.4
2025-04-02 03:00:00+00:00,21.2,50.8,86.3,48.3,438.8,19.6,0.3,14.5
2025-04-02 04:00:00+00:00,21.9,49.9,167.6,46.0,448.8,19.6,0.3,14.1
2025-04-02 05:00:00+00:00,22.1,49.9,185.5,46.0,448.8,19.8,0.4,14.0
2025-04-02 06:00:00+00:00,22.1,49.9,310.8,48.3,450.4,18.6,0.4,13.4
2025-04-02 07:00:00+00:00,22.2,49.7,531.2,49.7,489.6,17.6,0.4,13.0
2025-04-02 08:00:00+00:00,22.9,49.6,553.2,49.7,537.9,18.1,0.7,12.5
2025-04-02 09:00:00+00:00,23.3,50.4,627.9,49.7,516.3,16.5,0.7,11.0
2025-04-02 10:00:00+00:00,23.3,50.4,710.7,49.7,516.5,16.0,0.6,9.8
2025-04-02 11:00:00+00:00,23.6,50.5,1046.4,49.7,519.1,14.5,0.6,9.5
2025-04-02 12:00:00+00:00,23.3,50.5,1482.8,49.7,642.5,16.4,0.7,9.9
2025-04-02 13:00:00+00:00,23.8,50.3,1114.5,49.7,504.5,16.0,0.5,9.7
2025-04-02 14:00:00+00:00,24.0,50.3,659.4,49.7,482.8,16.6,0.5,10.4
2025-04-02 15:00:00+00:00,23.9,50.3,527.7,52.7,465.5,19.0,0.5,12.6
2025-04-02 16:00:00+00:00,24.1,50.2,99.4,48.3,445.9,20.1,0.6,13.5
2025-04-02 17:00:00+00:00,23.6,50.3,82.8,45.7,438.3,21.6,0.6,14.4
2025-04-02 18:00:00+00:00,22.8,50.4,86.3,45.3,452.6,22.0,0.5,15.1
2025-04-02 19:00:00+00:00,22.8,50.6,86.3,48.4,456.1,21.6,0.5,15.8
2025-04-02 20:00:00+00:00,22.4,50.6,86.3,50.1,454.6,18.5,0.4,13.0
2025-04-02 21:00:00+00:00,22.4,50.7,86.3,50.7,457.7,19.7,0.4,14.2
2025-04-02 22:00:00+00:00,22.5,50.7,86.3,48.4,459.1,21.4,0.4,15.7
2025-04-02 23:00:00+00:00,22.5,50.8,86.3,48.4,458.0,21.4,0.4,15.3
2025-04-03 00:00:00+00:00,22.2,50.9,86.3,49.7,438.2,18.2,0.4,13.3
2025-04-03 01:00:00+00:00,22.2,50.9,86.3,49.7,438.7,17.9,0.4,13.4
2025-04-03 02:00:00+00:00,22.2,50.8,86.3,49.7,438.9,18.1,0.4,13.4
2025-04-03 03:00:00+00:00,22.2,50.8,86.3,46.3,439.3,19.4,0.4,13.7
2025-04-03 04:00:00+00:00,22.1,49.9,167.6,46.1,448.5,19.5,0.4,13.8
2025-04-03 05:00:00+00:00,22.0,49.9,182.0,46.1,448.5,19.6,0.4,13.8
2025-04-03 06:00:00+00:00,21.9,49.9,197.3,45.4,448.6,20.2,0.4,14.2
2025-04-03 07:00:00+00:00,22.3,49.7,452.8,45.6,488.1,20.2,0.5,13.8
2025-04-03 08:00:00+00:00,22.8,49.6,462.4,48.1,541.9,19.9,0.7,13.2
2025-04-03 09:00:00+00:00,22.7,50.4,650.3,49.7,572.5,18.1,0.8,12.3
2025-04-03 10:00:00+00:00,23.1,50.4,733.1,49.7,519.9,17.6,0.7,11.1
2025-04-03 11:00:00+00:00,23.2,50.5,1046.4,49.7,519.7,17.0,0.6,11.0
2025-04-03 12:00:00+00:00,23.6,50.5,1482.8,49.7,506.8,16.0,0.6,10.4
2025-04-03 13:00:00+00:00,23.5,50.3,1660.0,50.3,504.0,17.6,0.6,11.2
2025-04-03 14:00:00+00:00,23.6,50.3,1660.0,49.7,495.9,16.7,0.6,11.0
2025-04-03 15:00:00+00:00,23.5,50.3,1002.8,49.6,481.3,15.0,0.7,10.5
2025-04-03 16:00:00+00:00,23.3,50.2,343.9,49.6,494.9,16.2,0.7,10.6
2025-04-03 17:00:00+00:00,23.4,50.3,89.8,50.1,476.9,18.6,0.5,12.5
2025-04-03 18:00:00+00:00,22.4,50.4,86.3,50.7,471.8,21.0,0.4,15.4
2025-04-03 19:00:00+00:00,22.4,50.6,86.3,50.7,456.7,22.9,0.4,15.8
2025-04-03 20:00:00+00:00,22.2,50.6,86.3,50.7,451.6,22.9,0.3,15.7
2025-04-03 21:00:00+00:00,22.2,50.7,86.3,50.7,450.8,22.9,0.2,16.0
2025-04-03 22:00:00+00:00,22.4,50.7,86.3,50.7,452.1,23.4,0.4,15.8
2025-04-03 23:00:00+00:00,22.4,50.8,86.3,50.7,449.8,23.4,0.3,15.7
2025-04-04 00:00:00+00:00,21.8,50.9,86.3,49.7,437.3,18.4,0.3,14.0
2025-04-04 01:00:00+00:00,22.2,50.9,86.3,48.4,437.7,19.3,0.4,13.9
2025-04-04 02:00:00+00:00,22.2,50.8,86.3,45.6,438.2,19.7,0.4,14.2
2025-04-04 03:00:00+00:00,21.4,50.8,86.3,45.6,438.3,19.5,0.3,14.7
2025-04-04 04:00:00+00:00,21.7,49.9,167.6,45.7,447.1,19.5,0.3,14.6
2025-04-04 05:00:00+00:00,22.0,49.9,182.0,45.7,447.0,19.2,0.4,14.1
2025-04-04 06:00:00+00:00,21.9,49.9,166.8,46.0,447.1,19.4,0.4,13.8
2025-04-04 07:00:00+00:00,22.2,49.7,185.5,48.3,484.8,18.4,0.5,13.5
2025-04-04 08:00:00+00:00,22.4,49.6,182.0,49.7,550.2,16.8,0.6,10.7
2025-04-04 09:00:00+00:00,23.1,50.4,400.7,49.7,585.0,15.6,0.7,9.6
2025-04-04 10:00:00+00:00,22.8,50.4,579.5,49.7,602.3,15.8,0.7,10.0
2025-04-04 11:00:00+00:00,23.2,50.5,641.3,49.7,521.4,15.9,0.6,10.4
2025-04-04 12:00:00+00:00,23.2,50.5,647.9,49.7,522.3,16.6,0.4,10.5
2025-04-04 13:00:00+00:00,23.4,50.3,814.0,50.1,507.2,18.0,0.6,11.6
2025-04-04 14:00:00+00:00,23.1,50.3,807.9,49.6,491.6,16.0,0.6,10.6
2025-04-04 15:00:00+00:00,23.4,50.3,567.7,52.4,480.9,17.9,0.6,11.7
2025-04-04 16:00:00+00:00,23.3,50.2,267.9,48.3,494.9,20.4,0.5,14.1
2025-04-04 17:00:00+00:00,22.6,50.3,82.8,45.9,473.9,21.4,0.5,16.3
2025-04-04 18:00:00+00:00,22.4,50.4,86.3,48.3,469.5,21.4,0.4,16.3
2025-04-04 19:00:00+00:00,22.4,50.6,86.3,48.3,446.6,23.3,0.4,16.5
2025-04-04 20:00:00+00:00,22.3,50.6,86.3,45.9,443.5,23.3,0.3,16.7
2025-04-04 21:00:00+00:00,22.1,50.7,86.3,45.9,446.3,23.3,0.3,17.6
2025-04-04 22:00:00+00:00,21.6,50.7,86.3,45.9,444.7,23.5,0.3,17.9
2025-04-04 23:00:00+00:00,21.6,50.8,86.3,45.9,447.0,23.3,0.3,18.5
2025-04-05 00:00:00+00:00,20.9,50.9,86.3,48.0,437.1,18.3,0.2,13.7
2025-04-05 01:00:00+00:00,21.0,50.9,86.3,48.0,438.1,17.6,0.2,13.2
2025-04-05 02:00:00+00:00,20.9,50.8,86.3,48.3,439.6,18.9,0.2,13.4
2025-04-05 03:00:00+00:00,20.6,50.8,86.3,48.3,440.9,18.9,0.2,13.5
2025-04-05 04:00:00+00:00,20.5,49.9,167.6,48.3,441.0,19.6,0.2,13.8
2025-04-05 05:00:00+00:00,20.8,49.9,185.5,48.3,439.0,17.0,0.2,13.1
2025-04-05 06:00:00+00:00,21.6,49.9,386.7,46.0,443.2,17.3,0.4,12.5
2025-04-05 07:00:00+00:00,21.8,49.7,532.0,50.3,436.7,16.3,0.5,11.9
2025-04-05 08:00:00+00:00,22.5,49.6,475.1,49.7,433.8,16.0,0.7,11.2
2025-04-05 09:00:00+00:00,22.8,50.4,627.9,49.7,433.7,14.4,0.6,9.4
2025-04-05 10:00:00+00:00,23.0,50.4,710.7,49.7,430.5,14.4,0.5,8.9
2025-04-05 11:00:00+00:00,23.0,50.5,962.1,49.7,427.0,12.6,0.5,8.5
2025-04-05 12:00:00+00:00,23.2,50.5,1482.8,49.7,427.1,14.4,0.5,8.8
2025-04-05 13:00:00+00:00,23.7,50.3,1660.0,49.7,428.6,14.5,0.4,9.0
2025-04-05 14:00:00+00:00,23.6,50.3,1660.0,49.6,426.7,14.6,0.5,9.0
2025-04-05 15:00:00+00:00,23.7,50.3,1535.6,49.6,427.4,12.7,0.4,8.5
2025-04-05 16:00:00+00:00,23.7,50.2,710.0,49.6,421.2,12.7,0.5,8.3
2025-04-05 17:00:00+00:00,23.1,50.3,96.4,49.7,423.3,16.2,0.3,10.1
2025-04-05 18:00:00+00:00,22.0,50.4,86.3,50.1,425.1,15.5,0.2,11.5
2025-04-05 19:00:00+00:00,22.0,50.6,86.3,49.7,425.5,15.0,0.2,10.4
2025-04-05 20:00:00+00:00,22.1,50.6,86.3,49.7,426.3,14.0,0.2,9.9
2025-04-05 21:00:00+00:00,22.0,50.7,86.3,49.7,426.4,14.3,0.2,9.9
2025-04-05 22:00:00+00:00,22.0,50.7,86.3,49.7,426.8,12.9,0.2,9.5
2025-04-05 23:00:00+00:00,21.6,50.8,86.3,49.7,427.6,13.3,0.2,9.7
2025-04-06 00:00:00+00:00,20.6,50.9,86.3,49.7,425.8,13.8,0.1,9.4
2025-04-06 01:00:00+00:00,21.5,50.9,86.3,49.7,427.2,14.4,0.1,10.5
2025-04-06 02:00:00+00:00,21.4,50.8,86.3,49.7,429.6,16.4,0.1,12.1
2025-04-06 03:00:00+00:00,21.8,50.8,86.3,48.3,430.7,17.2,0.1,12.1
2025-04-06 04:00:00+00:00,21.7,49.9,167.6,48.3,431.0,17.4,0.1,12.0
2025-04-06 05:00:00+00:00,21.4,49.9,192.1,48.1,434.5,16.8,0.1,12.1
2025-04-06 06:00:00+00:00,22.6,49.9,502.8,45.7,434.7,17.0,0.2,11.6
2025-04-06 07:00:00+00:00,22.5,49.7,379.1,45.4,434.3,17.1,0.5,11.7
2025-04-06 08:00:00+00:00,22.9,49.6,475.1,45.9,434.9,16.8,0.4,11.5
2025-04-06 09:00:00+00:00,23.0,50.4,627.9,48.3,434.4,16.1,0.3,11.1
2025-04-06 10:00:00+00:00,23.3,50.4,701.8,49.7,433.6,14.8,0.3,9.3
2025-04-06 11:00:00+00:00,23.1,50.5,962.1,50.1,432.3,8.6,0.3,6.9
2025-04-06 12:00:00+00:00,22.5,50.5,1288.6,47.7,429.4,8.0,0.2,6.6
2025-04-06 13:00:00+00:00,20.7,50.3,1114.5,47.7,428.0,8.0,0.1,6.4
2025-04-06 14:00:00+00:00,21.1,50.3,1660.0,47.7,427.6,8.1,0.1,6.5
2025-04-06 15:00:00+00:00,19.9,50.3,1002.8,47.7,427.0,8.1,0.1,6.9
2025-04-06 16:00:00+00:00,19.3,50.2,267.9,47.1,426.3,8.9,0.1,7.5
2025-04-06 17:00:00+00:00,18.9,50.3,82.8,47.1,428.0,9.0,0.1,8.1
2025-04-06 18:00:00+00:00,19.2,50.4,86.3,49.6,429.6,9.0,0.1,8.3
2025-04-06 19:00:00+00:00,18.9,50.6,86.3,49.6,429.2,10.2,0.1,8.9
2025-04-06 20:00:00+00:00,19.0,50.6,86.3,49.6,431.8,10.9,0.1,9.1
2025-04-06 21:00:00+00:00,19.0,50.7,86.3,49.6,446.9,10.3,0.1,9.0
2025-04-06 22:00:00+00:00,18.8,50.7,86.3,49.6,461.3,9.6,0.1,8.8
2025-04-06 23:00:00+00:00,18.7,50.8,86.3,49.6,439.5,9.7,0.1,8.1
2025-04-07 00:00:00+00:00,17.7,50.9,86.3,47.7,452.0,9.6,0.2,8.4
2025-04-07 01:00:00+00:00,17.7,50.9,86.3,47.7,450.0,9.6,0.2,8.4
2025-04-07 02:00:00+00:00,17.7,50.8,86.3,47.7,452.2,9.6,0.2,8.4
2025-04-07 03:00:00+00:00,17.7,50.8,86.3,47.7,450.1,10.6,0.2,8.5
2025-04-07 04:00:00+00:00,17.7,49.9,167.6,48.1,461.9,11.8,0.2,8.6
2025-04-07 05:00:00+00:00,17.6,49.9,182.0,48.1,462.4,12.0,0.2,8.9
2025-04-07 06:00:00+00:00,17.6,49.9,173.8,48.1,467.9,12.0,0.2,9.2
2025-04-07 07:00:00+00:00,18.0,49.7,376.4,48.1,490.3,12.0,0.2,9.2
2025-04-07 08:00:00+00:00,18.9,49.6,571.6,48.1,565.4,9.8,0.2,8.6
2025-04-07 09:00:00+00:00,19.7,50.4,627.9,50.1,593.9,10.8,0.2,8.9
2025-04-07 10:00:00+00:00,20.1,50.4,710.7,50.1,621.2,12.3,0.2,9.1
2025-04-07 11:00:00+00:00,21.3,50.5,962.1,49.6,630.1,11.9,0.2,9.1
2025-04-07 12:00:00+00:00,23.0,50.5,1482.8,49.6,619.8,10.2,0.3,8.5
2025-04-07 13:00:00+00:00,23.1,50.3,1660.0,50.1,568.9,10.2,0.3,8.3
2025-04-07 14:00:00+00:00,23.4,50.3,1660.0,49.6,536.3,10.5,0.3,8.7
2025-04-07 15:00:00+00:00,23.3,50.3,1193.1,49.6,502.9,12.7,0.3,9.3
2025-04-07 16:00:00+00:00,22.2,50.2,698.3,49.6,516.3,13.2,0.2,10.5
2025-04-07 17:00:00+00:00,22.3,50.3,96.4,49.6,469.4,17.4,0.2,12.4
2025-04-07 18:00:00+00:00,21.5,50.4,86.3,49.7,457.8,16.3,0.2,13.8
2025-04-07 19:00:00+00:00,20.4,50.6,86.3,49.7,462.5,15.9,0.2,13.7
2025-04-07 20:00:00+00:00,20.1,50.6,86.3,50.1,460.1,19.5,0.2,15.0
2025-04-07 21:00:00+00:00,20.2,50.7,86.3,50.7,456.9,24.9,0.2,20.3
2025-04-07 22:00:00+00:00,19.8,50.7,86.3,48.4,455.1,26.8,0.2,21.7
2025-04-07 23:00:00+00:00,19.8,50.8,86.3,50.4,453.2,19.8,0.2,15.9
2025-04-08 00:00:00+00:00,18.4,50.9,86.3,49.7,468.2,15.6,0.2,13.0
2025-04-08 01:00:00+00:00,18.2,50.9,86.3,49.7,466.9,15.6,0.2,12.9
2025-04-08 02:00:00+00:00,18.2,50.8,86.3,49.7,467.1,16.5,0.2,13.3
2025-04-08 03:00:00+00:00,18.2,50.8,86.3,49.7,467.0,19.1,0.2,15.2
2025-04-08 04:00:00+00:00,18.2,49.9,167.6,49.7,466.8,20.1,0.2,16.3
2025-04-08 05:00:00+00:00,18.3,49.9,185.5,49.7,464.2,19.8,0.2,16.3
2025-04-08 06:00:00+00:00,18.8,49.9,336.4,48.3,466.7,20.8,0.2,17.0
2025-04-08 07:00:00+00:00,19.1,49.7,531.2,49.9,489.8,20.1,0.2,16.8
2025-04-08 08:00:00+00:00,19.6,49.6,565.8,50.3,529.3,20.1,0.2,17.0
2025-04-08 09:00:00+00:00,20.4,50.4,582.5,48.3,588.4,20.2,0.2,16.8
2025-04-08 10:00:00+00:00,20.4,50.4,677.0,45.9,622.9,22.1,0.3,16.8
2025-04-08 11:00:00+00:00,20.7,50.5,886.0,49.7,624.0,16.5,0.3,12.4
2025-04-08 12:00:00+00:00,21.3,50.5,1098.5,49.7,626.4,16.0,0.3,11.0
2025-04-08 13:00:00+00:00,21.8,50.3,1114.5,49.7,579.6,16.4,0.3,11.4
2025-04-08 14:00:00+00:00,21.9,50.3,1060.9,49.7,629.4,17.2,0.3,13.2
2025-04-08 15:00:00+00:00,21.7,50.3,567.7,52.4,591.2,21.6,0.3,16.0
2025-04-08 16:00:00+00:00,21.6,50.2,139.1,50.1,517.5,17.5,0.2,14.7
2025-04-08 17:00:00+00:00,21.7,50.3,89.8,50.1,467.2,21.0,0.3,15.7
2025-04-08 18:00:00+00:00,20.9,50.4,86.3,50.7,458.5,26.7,0.3,22.1
2025-04-08 19:00:00+00:00,20.6,50.6,86.3,48.4,450.5,26.7,0.2,22.4
2025-04-08 20:00:00+00:00,20.0,50.6,86.3,45.9,457.0,27.9,0.2,22.9
2025-04-08 21:00:00+00:00,20.0,50.7,86.3,48.4,455.8,26.7,0.2,22.2
2025-04-08 22:00:00+00:00,20.2,50.7,86.3,50.1,450.0,18.3,0.2,15.8
2025-04-08 23:00:00+00:00,20.0,50.8,86.3,49.7,462.5,15.5,0.2,12.2
2025-04-09 00:00:00+00:00,18.9,50.9,86.3,48.1,475.6,12.3,0.2,10.0
2025-04-09 01:00:00+00:00,19.3,50.9,86.3,50.3,474.5,13.9,0.2,10.5
2025-04-09 02:00:00+00:00,18.7,50.8,86.3,49.7,474.2,14.0,0.2,11.1
2025-04-09 03:00:00+00:00,18.3,50.8,86.3,49.7,471.6,14.9,0.2,11.6
2025-04-09 04:00:00+00:00,18.1,49.9,167.6,49.7,467.4,15.6,0.2,12.1
2025-04-09 05:00:00+00:00,18.1,49.9,198.5,49.7,472.1,16.9,0.2,13.9
2025-04-09 06:00:00+00:00,18.9,49.9,502.8,49.7,470.6,14.9,0.2,12.4
2025-04-09 07:00:00+00:00,20.0,49.7,453.8,49.7,544.6,13.5,0.2,10.3
2025-04-09 08:00:00+00:00,21.1,49.6,475.1,49.6,598.3,11.7,0.2,9.2
2025-04-09 09:00:00+00:00,21.9,50.4,619.0,49.6,575.5,11.7,0.2,9.0
2025-04-09 10:00:00+00:00,22.7,50.4,701.8,49.7,596.9,12.0,0.2,9.0
2025-04-09 11:00:00+00:00,23.0,50.5,962.1,49.7,596.3,13.1,0.2,9.2
2025-04-09 12:00:00+00:00,23.3,50.5,1473.8,49.7,526.5,13.3,0.2,9.4
2025-04-09 13:00:00+00:00,23.0,50.3,1651.0,49.7,501.2,14.8,0.2,9.7
2025-04-09 14:00:00+00:00,23.3,50.3,1660.0,49.6,483.7,16.5,0.3,10.0
2025-04-09 15:00:00+00:00,23.3,50.3,1535.6,49.6,467.2,14.3,0.3,9.7
2025-04-09 16:00:00+00:00,23.0,50.2,710.0,49.6,443.2,14.6,0.2,10.2
2025-04-09 17:00:00+00:00,21.6,50.3,96.4,50.1,436.3,19.2,0.2,14.9
2025-04-09 18:00:00+00:00,21.1,50.4,86.3,50.7,455.3,26.9,0.2,21.0
2025-04-09 19:00:00+00:00,20.4,50.6,86.3,50.1,455.6,21.3,0.2,18.6
2025-04-09 20:00:00+00:00,20.4,50.6,86.3,50.4,453.0,21.3,0.2,18.6
2025-04-09 21:00:00+00:00,19.9,50.7,86.3,50.4,453.3,22.8,0.2,18.5
2025-04-09 22:00:00+00:00,19.9,50.7,86.3,50.4,458.4,22.2,0.2,18.7
2025-04-09 23:00:00+00:00,19.9,50.8,86.3,50.7,457.9,23.7,0.2,19.2
2025-04-10 00:00:00+00:00,18.6,50.9,86.3,49.7,455.7,18.6,0.2,15.6
2025-04-10 01:00:00+00:00,18.9,50.9,86.3,49.7,455.4,17.9,0.2,15.1
2025-04-10 02:00:00+00:00,19.0,50.8,86.3,49.7,453.9,17.6,0.2,14.3
2025-04-10 03:00:00+00:00,19.2,50.8,86.3,49.7,450.4,18.6,0.2,15.9
2025-04-10 04:00:00+00:00,19.4,49.9,167.6,49.7,456.5,18.5,0.2,15.4
2025-04-10 05:00:00+00:00,20.1,49.9,192.1,49.7,456.6,17.6,0.2,14.9
2025-04-10 06:00:00+00:00,20.5,49.9,502.8,50.3,452.6,19.6,0.2,15.3
2025-04-10 07:00:00+00:00,21.6,49.7,453.8,45.4,507.9,20.2,0.2,14.3
2025-04-10 08:00:00+00:00,21.8,49.6,475.1,48.3,510.5,19.6,0.2,13.6
2025-04-10 09:00:00+00:00,22.1,50.4,619.0,49.7,517.5,18.0,0.3,12.5
2025-04-10 10:00:00+00:00,22.0,50.4,701.8,50.3,528.7,18.4,0.4,12.3
2025-04-10 11:00:00+00:00,22.6,50.5,953.1,50.3,524.2,18.3,0.4,12.3
2025-04-10 12:00:00+00:00,23.0,50.5,1473.8,49.7,526.2,15.5,0.4,9.9
2025-04-10 13:00:00+00:00,23.4,50.3,1660.0,49.7,503.0,13.4,0.4,9.3
2025-04-10 14:00:00+00:00,23.5,50.3,1251.1,49.6,485.7,15.6,0.4,9.9
2025-04-10 15:00:00+00:00,23.5,50.3,1499.8,52.4,468.2,18.6,0.4,12.1
2025-04-10 16:00:00+00:00,23.3,50.2,445.2,50.1,443.2,18.5,0.4,11.7
2025-04-10 17:00:00+00:00,22.4,50.3,96.4,49.6,437.4,14.5,0.3,10.8
2025-04-10 18:00:00+00:00,22.5,50.4,86.3,49.6,435.5,11.6,0.2,9.4
2025-04-10 19:00:00+00:00,22.5,50.6,86.3,49.6,436.4,12.1,0.2,9.3
2025-04-10 20:00:00+00:00,22.7,50.6,86.3,49.6,434.9,13.6,0.2,9.8
2025-04-10 21:00:00+00:00,22.7,50.7,86.3,49.6,429.3,11.8,0.2,9.6
2025-04-10 22:00:00+00:00,22.0,50.7,86.3,49.6,426.2,11.8,0.2,9.5
2025-04-10 23:00:00+00:00,21.2,50.8,86.3,49.6,439.3,11.5,0.2,9.7
2025-04-11 00:00:00+00:00,20.5,50.9,86.3,47.7,447.9,11.2,0.2,8.5
2025-04-11 01:00:00+00:00,21.2,50.9,86.3,48.1,448.1,11.5,0.2,8.6
2025-04-11 02:00:00+00:00,21.0,50.8,86.3,47.7,448.2,9.2,0.2,7.7
2025-04-11 03:00:00+00:00,21.0,50.8,86.3,47.7,447.3,9.2,0.2,8.0
2025-04-11 04:00:00+00:00,20.6,49.9,167.6,47.7,455.5,9.2,0.2,8.1
2025-04-11 05:00:00+00:00,21.0,49.9,192.1,47.7,455.1,9.2,0.2,8.0
2025-04-11 06:00:00+00:00,21.2,49.9,502.8,47.7,454.1,8.6,0.2,8.1
2025-04-11 07:00:00+00:00,21.2,49.7,453.8,47.7,552.3,8.2,0.2,7.7
2025-04-11 08:00:00+00:00,22.3,49.6,475.1,47.7,583.5,8.2,0.2,7.6
2025-04-11 09:00:00+00:00,22.7,50.4,619.0,47.7,582.5,8.0,0.2,7.2
2025-04-11 10:00:00+00:00,22.4,50.4,701.8,47.7,525.5,8.2,0.2,7.2
2025-04-11 11:00:00+00:00,22.8,50.5,953.1,47.7,522.8,8.2,0.2,7.2
2025-04-11 12:00:00+00:00,23.0,50.5,1473.8,47.7,525.0,8.6,0.3,7.3
2025-04-11 13:00:00+00:00,23.0,50.3,1651.0,48.1,503.2,8.6,0.3,7.2
2025-04-11 14:00:00+00:00,23.3,50.3,1660.0,50.1,483.5,8.9,0.4,7.5
2025-04-11 15:00:00+00:00,23.3,50.3,1610.3,49.6,468.0,11.4,0.4,8.4
2025-04-11 16:00:00+00:00,23.9,50.2,710.0,49.6,442.4,11.8,0.4,9.0
2025-04-11 17:00:00+00:00,22.9,50.3,102.9,50.1,433.5,18.4,0.3,12.0
2025-04-11 18:00:00+00:00,22.1,50.4,86.3,48.3,427.3,22.9,0.3,16.5
2025-04-11 19:00:00+00:00,21.6,50.6,86.3,48.4,422.6,23.1,0.2,19.2
2025-04-11 20:00:00+00:00,21.2,50.6,86.3,48.4,436.3,26.0,0.2,20.0
2025-04-11 21:00:00+00:00,21.0,50.7,86.3,48.4,441.2,25.0,0.2,20.7
2025-04-11 22:00:00+00:00,21.1,50.7,86.3,50.7,441.0,24.0,0.2,19.2
2025-04-11 23:00:00+00:00,20.7,50.8,86.3,50.4,441.7,21.6,0.2,18.2
2025-04-12 00:00:00+00:00,20.2,50.9,86.3,49.7,436.0,14.5,0.2,12.2
2025-04-12 01:00:00+00:00,20.4,50.9,86.3,49.7,436.6,15.7,0.2,12.2
2025-04-12 02:00:00+00:00,20.5,50.8,86.3,49.7,433.1,16.6,0.2,12.6
2025-04-12 03:00:00+00:00,21.2,50.8,86.3,49.7,433.1,16.5,0.2,12.8
2025-04-12 04:00:00+00:00,20.8,49.9,167.6,45.9,433.1,17.6,0.2,13.4
2025-04-12 05:00:00+00:00,21.2,49.9,178.5,48.3,430.9,17.5,0.2,12.6
2025-04-12 06:00:00+00:00,22.6,49.9,301.5,48.3,433.1,16.3,0.2,11.7
2025-04-12 07:00:00+00:00,22.5,49.7,379.1,49.6,432.4,10.1,0.3,8.2
2025-04-12 08:00:00+00:00,22.9,49.6,475.1,47.7,432.1,7.8,0.4,6.6
2025-04-12 09:00:00+00:00,22.9,50.4,619.0,47.7,433.0,7.8,0.3,6.6
2025-04-12 10:00:00+00:00,22.9,50.4,701.8,47.7,433.7,8.0,0.4,6.7
2025-04-12 11:00:00+00:00,22.9,50.5,953.1,47.7,435.8,7.6,0.4,6.7
2025-04-12 12:00:00+00:00,23.0,50.5,1473.8,47.7,435.3,7.6,0.4,6.7
2025-04-12 13:00:00+00:00,23.2,50.3,1660.0,47.1,422.6,7.7,0.4,6.8
2025-04-12 14:00:00+00:00,23.4,50.3,1660.0,50.1,423.7,8.8,0.4,7.1
2025-04-12 15:00:00+00:00,23.6,50.3,862.8,49.6,421.0,12.3,0.5,7.9
2025-04-12 16:00:00+00:00,23.2,50.2,343.9,49.6,423.5,11.3,0.3,7.9
2025-04-12 17:00:00+00:00,22.2,50.3,96.4,49.7,425.6,16.1,0.4,10.0
2025-04-12 18:00:00+00:00,21.7,50.4,86.3,50.1,426.6,16.3,0.3,11.2
2025-04-12 19:00:00+00:00,21.0,50.6,86.3,48.4,428.4,20.3,0.2,15.9
2025-04-12 20:00:00+00:00,20.9,50.6,86.3,45.9,430.1,22.7,0.2,17.8
2025-04-12 21:00:00+00:00,20.6,50.7,86.3,48.4,430.4,21.6,0.2,17.5
2025-04-12 22:00:00+00:00,21.0,50.7,86.3,50.7,429.5,20.8,0.2,15.8
2025-04-12 23:00:00+00:00,20.9,50.8,86.3,50.7,428.9,19.4,0.2,15.1
2025-04-13 00:00:00+00:00,20.0,50.4,86.3,49.7,433.6,16.6,0.1,12.4
2025-04-13 01:00:00+00:00,20.0,50.4,86.3,49.7,434.9,18.6,0.1,13.2
2025-04-13 02:00:00+00:00,20.1,50.3,86.3,49.7,435.5,17.7,0.1,13.3
2025-04-13 03:00:00+00:00,19.9,50.3,86.3,49.7,435.0,17.7,0.1,13.0
2025-04-13 04:00:00+00:00,19.9,49.4,167.6,49.7,437.6,18.7,0.1,13.8
2025-04-13 05:00:00+00:00,20.1,49.4,192.1,49.7,435.0,16.5,0.1,12.9
2025-04-13 06:00:00+00:00,21.6,49.3,441.2,50.3,434.5,16.1,0.1,11.9
2025-04-13 07:00:00+00:00,22.2,49.2,542.1,49.7,434.7,13.9,0.2,9.5
2025-04-13 08:00:00+00:00,22.4,49.2,475.1,49.7,434.4,14.4,0.3,9.2
2025-04-13 09:00:00+00:00,23.0,49.9,627.9,49.7,435.1,14.6,0.3,9.0
2025-04-13 10:00:00+00:00,23.0,49.9,710.7,49.7,433.5,14.5,0.3,8.9
2025-04-13 11:00:00+00:00,23.1,50.0,962.1,49.7,429.1,14.8,0.3,9.0
2025-04-13 12:00:00+00:00,23.3,50.0,1482.8,49.7,425.2,15.4,0.3,9.5
2025-04-13 13:00:00+00:00,23.7,49.8,1660.0,49.7,428.2,14.4,0.3,8.9
2025-04-13 14:00:00+00:00,23.9,49.8,1660.0,49.7,427.7,11.1,0.3,8.0
2025-04-13 15:00:00+00:00,23.8,49.8,1610.3,49.6,426.5,11.1,0.3,7.9
2025-04-13 16:00:00+00:00,23.9,49.8,710.0,49.7,425.9,11.2,0.3,7.9
2025-04-13 17:00:00+00:00,23.0,49.8,96.4,49.6,429.8,14.3,0.4,8.7
2025-04-13 18:00:00+00:00,21.8,49.9,86.3,49.7,430.7,15.0,0.3,10.1
2025-04-13 19:00:00+00:00,21.1,50.0,86.3,49.7,431.2,15.0,0.2,10.3
2025-04-13 20:00:00+00:00,21.3,50.0,86.3,50.1,431.1,15.9,0.2,10.5
2025-04-13 21:00:00+00:00,20.9,50.2,86.3,50.1,432.1,15.4,0.2,10.5
2025-04-13 22:00:00+00:00,20.3,50.3,86.3,50.1,431.4,15.9,0.1,11.3
2025-04-13 23:00:00+00:00,19.9,50.3,86.3,50.4,433.3,17.1,0.1,12.5
2025-04-14 00:00:00+00:00,20.5,50.4,86.3,49.7,438.8,15.9,0.2,12.2
2025-04-14 01:00:00+00:00,20.7,50.4,86.3,49.7,433.8,17.3,0.2,13.0
2025-04-14 02:00:00+00:00,19.9,50.3,86.3,49.7,439.4,19.6,0.2,15.0
2025-04-14 03:00:00+00:00,19.6,50.2,86.3,50.3,443.1,20.6,0.2,16.0
2025-04-14 04:00:00+00:00,19.6,49.3,167.6,48.3,459.0,20.6,0.2,16.1
2025-04-14 05:00:00+00:00,20.3,49.3,185.5,46.1,453.6,20.2,0.2,15.4
2025-04-14 06:00:00+00:00,21.9,49.3,386.7,46.0,452.5,20.4,0.3,13.8
2025-04-14 07:00:00+00:00,23.5,49.2,531.2,45.7,493.2,20.8,0.4,13.0
2025-04-14 08:00:00+00:00,23.2,49.1,479.2,45.4,509.6,20.8,0.4,13.0
2025-04-14 09:00:00+00:00,23.5,49.8,567.9,45.9,516.1,20.5,0.4,12.9
2025-04-14 10:00:00+00:00,23.6,49.9,733.1,48.3,483.8,18.4,0.4,12.4
2025-04-14 11:00:00+00:00,23.9,49.9,886.0,50.3,483.0,18.3,0.4,12.1
2025-04-14 12:00:00+00:00,23.9,49.9,1106.8,49.7,480.1,17.2,0.4,10.8
2025-04-14 13:00:00+00:00,24.0,49.8,1114.5,49.7,468.6,16.9,0.4,10.8
2025-04-14 14:00:00+00:00,24.2,49.8,957.5,49.7,453.2,17.0,0.4,10.8
2025-04-14 15:00:00+00:00,24.2,49.7,431.1,50.1,469.6,17.6,0.4,11.1
2025-04-14 16:00:00+00:00,24.1,49.7,92.4,52.7,493.5,19.7,0.5,12.8
2025-04-14 17:00:00+00:00,23.6,49.8,82.8,48.4,496.5,20.7,0.5,13.9
2025-04-14 18:00:00+00:00,23.4,49.8,86.3,45.9,467.6,22.2,0.4,14.9
2025-04-14 19:00:00+00:00,23.5,50.0,86.3,45.3,452.2,22.5,0.4,15.1
2025-04-14 20:00:00+00:00,22.2,50.0,86.3,45.7,458.0,22.5,0.3,16.4
2025-04-14 21:00:00+00:00,22.3,50.1,86.3,45.7,458.5,22.5,0.3,16.2
2025-04-14 22:00:00+00:00,22.3,50.2,86.3,45.9,455.7,24.5,0.3,16.7
2025-04-14 23:00:00+00:00,21.6,50.2,86.3,45.9,453.4,24.5,0.2,17.6
2025-04-15 00:00:00+00:00,21.9,50.8,86.3,48.4,438.3,19.9,0.3,14.3
2025-04-15 01:00:00+00:00,22.4,50.8,86.3,46.0,438.6,19.9,0.4,14.0
2025-04-15 02:00:00+00:00,22.4,50.7,86.3,46.1,438.7,19.9,0.4,14.0
2025-04-15 03:00:00+00:00,21.9,50.7,86.3,48.3,439.2,19.9,0.3,14.0
2025-04-15 04:00:00+00:00,21.9,49.8,167.6,48.3,449.3,20.1,0.3,14.3
2025-04-15 05:00:00+00:00,22.2,49.8,185.5,46.0,449.5,20.2,0.4,14.1
2025-04-15 06:00:00+00:00,22.3,49.7,173.8,45.7,452.8,20.8,0.6,13.6
2025-04-15 07:00:00+00:00,22.9,49.6,296.3,45.9,492.6,20.6,0.6,12.9
2025-04-15 08:00:00+00:00,23.4,49.6,392.4,49.7,510.1,18.1,0.6,12.1
2025-04-15 09:00:00+00:00,23.1,50.3,528.0,50.3,515.4,18.3,0.6,12.3
2025-04-15 10:00:00+00:00,23.4,50.3,619.5,50.3,518.4,19.0,0.6,12.5
2025-04-15 11:00:00+00:00,23.6,50.4,682.3,48.3,511.8,20.2,0.6,12.7
2025-04-15 12:00:00+00:00,23.9,50.4,853.7,48.3,503.3,20.2,0.5,12.7
2025-04-15 13:00:00+00:00,23.4,50.2,1114.5,45.9,504.0,20.5,0.6,13.1
2025-04-15 14:00:00+00:00,23.6,50.2,807.9,48.3,610.4,20.2,0.7,13.1
2025-04-15 15:00:00+00:00,23.6,50.2,527.7,52.4,627.3,18.9,0.7,12.6
2025-04-15 16:00:00+00:00,23.5,50.2,313.2,50.1,545.5,18.4,0.6,12.5
2025-04-15 17:00:00+00:00,22.9,50.2,96.4,50.7,526.8,21.3,0.5,15.7
2025-04-15 18:00:00+00:00,22.7,50.3,86.3,45.6,488.8,24.5,0.4,16.9
2025-04-15 19:00:00+00:00,22.4,50.4,86.3,45.7,462.9,24.5,0.3,17.2
2025-04-15 20:00:00+00:00,21.7,50.4,86.3,45.6,457.7,24.5,0.3,18.0
2025-04-15 21:00:00+00:00,21.7,50.6,86.3,45.7,461.7,24.5,0.3,18.8
2025-04-15 22:00:00+00:00,21.7,50.7,86.3,45.7,461.2,24.5,0.3,18.8
2025-04-15 23:00:00+00:00,21.7,50.7,86.3,45.7,458.2,24.5,0.3,18.9
2025-04-16 00:00:00+00:00,21.2,50.8,86.3,47.6,450.2,19.8,0.3,15.0
2025-04-16 01:00:00+00:00,21.6,50.8,86.3,48.0,438.3,19.6,0.3,14.5
2025-04-16 02:00:00+00:00,22.0,50.7,86.3,48.1,438.5,18.5,0.3,13.9
2025-04-16 03:00:00+00:00,21.2,50.7,86.3,48.3,439.9,18.5,0.3,14.4
2025-04-16 04:00:00+00:00,21.1,49.8,167.6,45.9,450.0,19.8,0.3,14.8
2025-04-16 05:00:00+00:00,22.1,49.8,185.5,45.6,449.3,20.2,0.4,14.2
2025-04-16 06:00:00+00:00,22.4,49.7,301.5,48.3,450.0,18.3,0.6,13.1
2025-04-16 07:00:00+00:00,23.5,49.6,532.0,45.4,491.9,20.3,0.9,13.1
2025-04-16 08:00:00+00:00,23.4,49.6,475.1,48.3,542.0,18.6,0.8,12.6
2025-04-16 09:00:00+00:00,23.4,50.3,627.9,50.3,486.6,18.4,0.6,12.4
2025-04-16 10:00:00+00:00,23.5,50.3,710.7,48.3,479.5,18.4,0.6,12.4
2025-04-16 11:00:00+00:00,23.8,50.4,962.1,50.3,476.2,18.4,0.6,12.3
2025-04-16 12:00:00+00:00,24.0,50.4,1482.8,50.3,473.6,17.5,0.6,11.3
2025-04-16 13:00:00+00:00,24.0,50.2,1660.0,49.7,461.2,16.5,0.6,10.6
2025-04-16 14:00:00+00:00,24.2,50.2,1660.0,49.6,450.6,16.6,0.6,10.5
2025-04-16 15:00:00+00:00,24.5,50.2,1610.3,50.1,446.7,17.6,0.6,11.4
2025-04-16 16:00:00+00:00,24.5,50.2,710.0,52.7,445.5,20.1,0.6,12.9
2025-04-16 17:00:00+00:00,24.1,50.2,96.4,50.7,437.9,20.7,0.8,13.8
2025-04-16 18:00:00+00:00,23.5,50.3,86.3,45.9,462.4,20.6,0.7,14.1
2025-04-16 19:00:00+00:00,23.6,50.4,86.3,45.3,449.4,22.0,0.7,14.8
2025-04-16 20:00:00+00:00,22.7,50.4,86.3,45.7,459.2,22.0,0.5,15.8
2025-04-16 21:00:00+00:00,22.7,50.6,86.3,45.6,460.7,22.0,0.5,16.2
2025-04-16 22:00:00+00:00,22.4,50.7,86.3,45.4,459.9,21.9,0.4,16.2
2025-04-16 23:00:00+00:00,22.8,50.7,86.3,50.7,451.8,20.9,0.5,14.0
2025-04-17 00:00:00+00:00,23.5,51.6,86.3,48.4,436.5,18.5,0.5,13.1
2025-04-17 01:00:00+00:00,22.6,51.6,86.3,45.6,437.6,19.9,0.5,13.7
2025-04-17 02:00:00+00:00,22.8,51.5,86.3,45.4,437.9,20.2,0.5,13.7
2025-04-17 03:00:00+00:00,22.7,51.5,86.3,45.4,438.0,19.9,0.5,13.6
2025-04-17 04:00:00+00:00,22.6,50.4,167.6,45.4,451.1,19.9,0.5,13.4
2025-04-17 05:00:00+00:00,23.2,50.4,192.1,48.1,450.4,19.9,0.8,13.0
2025-04-17 06:00:00+00:00,23.4,50.3,441.2,45.6,447.9,20.3,0.7,13.0
2025-04-17 07:00:00+00:00,23.3,50.3,542.1,48.3,470.7,19.7,0.6,12.5
2025-04-17 08:00:00+00:00,23.7,50.2,475.1,48.6,483.7,19.7,0.6,12.5
2025-04-17 09:00:00+00:00,23.8,51.2,627.9,46.3,480.3,18.6,0.6,12.4
2025-04-17 10:00:00+00:00,23.8,51.3,710.7,50.3,475.9,18.5,0.6,12.2
2025-04-17 11:00:00+00:00,24.0,51.3,953.1,50.1,472.5,18.5,0.6,12.2
2025-04-17 12:00:00+00:00,24.2,51.3,1482.8,49.7,472.1,17.0,0.6,10.8
2025-04-17 13:00:00+00:00,24.3,51.2,1660.0,49.6,453.5,16.6,0.5,10.7
2025-04-17 14:00:00+00:00,24.5,51.2,1660.0,49.6,442.0,16.2,0.5,10.4
2025-04-17 15:00:00+00:00,24.8,51.1,1011.2,50.1,433.3,17.6,0.5,11.2
2025-04-17 16:00:00+00:00,24.9,51.1,414.8,50.7,427.4,20.1,0.6,13.0
2025-04-17 17:00:00+00:00,24.6,51.2,89.8,45.9,421.1,21.2,0.6,13.5
2025-04-17 18:00:00+00:00,24.4,51.2,86.3,45.9,423.6,21.5,0.7,13.8
2025-04-17 19:00:00+00:00,24.3,51.3,86.3,45.6,425.6,21.6,0.8,14.0
2025-04-17 20:00:00+00:00,24.2,51.3,86.3,45.9,426.8,21.3,0.8,14.0
2025-04-17 21:00:00+00:00,24.0,51.4,86.3,45.3,430.5,21.6,1.0,14.4
2025-04-17 22:00:00+00:00,23.7,51.4,86.3,45.7,433.3,21.6,0.8,14.2
2025-04-17 23:00:00+00:00,23.6,51.4,86.3,45.9,434.0,21.4,0.6,14.2
2025-04-18 00:00:00+00:00,22.6,51.6,86.3,50.4,437.5,19.5,0.6,13.7
2025-04-18 01:00:00+00:00,23.4,51.6,86.3,45.6,436.1,19.7,0.6,13.7
2025-04-18 02:00:00+00:00,22.8,51.5,86.3,45.9,437.9,19.7,0.6,13.7
2025-04-18 03:00:00+00:00,23.3,51.5,86.3,45.6,436.6,19.5,0.6,13.5
2025-04-18 04:00:00+00:00,23.2,50.4,167.6,45.6,448.1,19.5,0.6,13.4
2025-04-18 05:00:00+00:00,22.7,50.4,192.1,45.6,449.1,19.7,0.8,13.1
2025-04-18 06:00:00+00:00,23.1,50.4,502.8,45.4,449.6,19.7,0.7,12.9
2025-04-18 07:00:00+00:00,23.2,50.4,453.8,49.7,472.9,15.1,0.7,10.2
2025-04-18 08:00:00+00:00,23.1,50.3,475.1,49.7,481.5,16.8,0.6,10.7
2025-04-18 09:00:00+00:00,23.5,51.3,619.0,50.3,478.0,18.3,0.7,12.1
2025-04-18 10:00:00+00:00,23.6,51.3,701.8,49.7,474.5,17.8,0.6,11.4
2025-04-18 11:00:00+00:00,23.7,51.4,953.1,49.7,471.3,16.0,0.6,10.4
2025-04-18 12:00:00+00:00,23.9,51.4,1473.8,49.7,469.1,16.0,0.6,9.8
2025-04-18 13:00:00+00:00,24.1,51.2,1651.0,49.7,455.0,15.5,0.6,9.9
2025-04-18 14:00:00+00:00,24.2,51.2,1660.0,49.7,441.5,13.7,0.6,9.3
2025-04-18 15:00:00+00:00,24.5,51.2,1610.3,49.7,434.2,14.0,0.6,9.3
2025-04-18 16:00:00+00:00,24.6,51.2,710.0,49.6,427.7,16.0,0.7,10.1
2025-04-18 17:00:00+00:00,24.4,51.2,113.3,50.1,427.2,18.3,0.7,12.0
2025-04-18 18:00:00+00:00,24.1,51.2,86.3,48.4,424.3,20.6,0.8,13.4
2025-04-18 19:00:00+00:00,24.0,51.4,86.3,50.7,426.6,20.7,1.0,13.3
2025-04-18 20:00:00+00:00,24.0,51.4,86.3,50.7,429.2,20.5,1.1,13.3
2025-04-18 21:00:00+00:00,24.0,51.4,86.3,50.7,428.4,20.4,1.0,13.4
2025-04-18 22:00:00+00:00,24.1,51.5,86.3,45.9,427.9,20.6,0.9,13.9
2025-04-18 23:00:00+00:00,24.1,51.5,86.3,48.3,429.4,20.6,0.7,13.8
2025-04-19 00:00:00+00:00,24.2,51.6,86.3,46.0,430.8,17.3,0.4,11.7
2025-04-19 01:00:00+00:00,24.4,51.6,86.3,45.6,431.3,17.3,0.4,11.5
2025-04-19 02:00:00+00:00,24.3,51.5,86.3,49.7,431.6,15.3,0.4,10.8
2025-04-19 03:00:00+00:00,24.0,51.5,86.3,49.7,432.4,15.1,0.4,10.6
2025-04-19 04:00:00+00:00,23.6,50.4,167.6,49.7,432.8,14.7,0.4,10.3
2025-04-19 05:00:00+00:00,23.3,50.4,208.9,49.7,433.0,14.2,0.4,9.7
2025-04-19 06:00:00+00:00,23.1,50.4,507.0,49.7,433.0,11.0,0.4,8.4
2025-04-19 07:00:00+00:00,23.1,50.4,453.8,48.1,432.8,10.5,0.4,7.8
2025-04-19 08:00:00+00:00,23.1,50.3,475.1,48.1,432.7,9.3,0.4,7.6
2025-04-19 09:00:00+00:00,23.4,51.3,619.0,48.1,432.6,9.3,0.5,7.6
2025-04-19 10:00:00+00:00,23.5,51.3,701.8,50.1,430.5,10.6,0.4,7.8
2025-04-19 11:00:00+00:00,23.7,51.4,953.1,49.6,425.1,10.6,0.4,7.9
2025-04-19 12:00:00+00:00,23.9,51.4,1473.8,49.6,413.7,11.0,0.4,8.0
2025-04-19 13:00:00+00:00,24.4,51.2,1651.0,49.6,408.3,10.9,0.4,8.0
2025-04-19 14:00:00+00:00,24.8,51.2,1660.0,49.7,407.5,10.9,0.4,8.1
2025-04-19 15:00:00+00:00,25.3,51.2,1610.3,49.7,406.5,12.5,0.4,8.3
2025-04-19 16:00:00+00:00,25.6,51.2,710.0,49.6,407.5,16.0,0.4,9.8
2025-04-19 17:00:00+00:00,25.1,51.2,113.3,48.4,410.0,18.0,0.5,12.0
2025-04-19 18:00:00+00:00,25.2,51.2,86.3,45.9,419.8,18.6,0.4,12.3
2025-04-19 19:00:00+00:00,24.7,51.4,86.3,50.7,424.0,18.0,0.5,11.9
2025-04-19 20:00:00+00:00,24.1,51.4,86.3,48.4,424.3,18.0,0.5,12.1
2025-04-19 21:00:00+00:00,24.1,51.4,86.3,50.7,424.9,18.0,0.5,12.1
2025-04-19 22:00:00+00:00,23.7,51.5,86.3,48.4,425.9,17.9,0.5,12.0
2025-04-19 23:00:00+00:00,23.7,51.5,86.3,48.3,425.9,18.4,0.5,12.2
2025-04-20 00:00:00+00:00,23.7,51.6,86.3,48.0,431.1,16.8,0.3,11.4
2025-04-20 01:00:00+00:00,23.8,51.6,86.3,48.1,431.2,16.7,0.3,11.7
2025-04-20 02:00:00+00:00,23.7,51.5,86.3,45.9,433.1,16.9,0.2,11.5
2025-04-20 03:00:00+00:00,23.7,51.5,86.3,45.9,432.6,16.9,0.4,11.6
2025-04-20 04:00:00+00:00,23.3,50.4,167.6,48.1,433.6,16.9,0.5,11.8
2025-04-20 05:00:00+00:00,23.2,50.4,208.9,45.9,434.2,17.0,0.7,11.7
2025-04-20 06:00:00+00:00,23.4,50.4,507.0,45.4,434.0,17.1,0.4,11.6
2025-04-20 07:00:00+00:00,23.6,50.4,453.8,46.1,433.2,16.8,0.4,11.3
2025-04-20 08:00:00+00:00,23.8,50.3,475.1,49.9,433.0,16.1,0.4,11.0
2025-04-20 09:00:00+00:00,24.1,51.3,619.0,49.7,432.7,15.7,0.4,10.4
2025-04-20 10:00:00+00:00,24.1,51.3,701.8,49.7,431.3,15.9,0.4,9.8
2025-04-20 11:00:00+00:00,24.3,51.4,962.1,49.7,423.2,14.6,0.4,8.8
2025-04-20 12:00:00+00:00,24.4,51.4,1482.8,49.7,411.4,13.1,0.4,8.2
2025-04-20 13:00:00+00:00,24.8,51.2,1660.0,49.7,413.0,11.6,0.4,8.0
2025-04-20 14:00:00+00:00,25.2,51.2,1660.0,49.6,410.5,11.6,0.4,8.0
2025-04-20 15:00:00+00:00,25.4,51.2,1610.3,49.7,409.6,11.6,0.4,8.1
2025-04-20 16:00:00+00:00,25.8,51.2,710.0,49.6,410.1,13.6,0.4,8.4
2025-04-20 17:00:00+00:00,25.2,51.2,113.3,49.7,423.5,15.9,0.4,9.9
2025-04-20 18:00:00+00:00,24.4,51.2,86.3,50.7,429.5,18.1,0.5,11.6
2025-04-20 19:00:00+00:00,24.0,51.4,86.3,50.4,431.7,17.2,0.8,11.4
2025-04-20 20:00:00+00:00,23.8,51.4,86.3,50.4,433.4,16.5,0.8,11.4
2025-04-20 21:00:00+00:00,23.5,51.4,86.3,50.7,433.6,17.0,0.8,11.7
2025-04-20 22:00:00+00:00,23.6,51.5,86.3,48.4,434.4,18.1,0.8,12.7
2025-04-20 23:00:00+00:00,23.6,51.5,86.3,48.3,435.9,18.1,0.8,12.8
2025-04-21 00:00:00+00:00,24.4,51.6,86.3,50.0,433.1,20.6,0.6,13.4
2025-04-21 01:00:00+00:00,23.9,51.6,86.3,45.4,434.0,20.5,0.4,13.5
2025-04-21 02:00:00+00:00,23.0,51.5,86.3,45.9,434.5,20.3,0.4,13.6
2025-04-21 03:00:00+00:00,22.8,51.5,86.3,46.0,439.6,19.9,0.3,13.8
2025-04-21 04:00:00+00:00,22.2,50.4,167.6,48.3,450.5,18.7,0.3,13.4
2025-04-21 05:00:00+00:00,22.4,50.4,178.5,46.3,450.5,19.0,0.4,13.2
2025-04-21 06:00:00+00:00,23.8,50.4,327.1,45.9,448.6,20.4,0.5,13.1
2025-04-21 07:00:00+00:00,23.3,50.4,536.2,50.3,472.7,18.4,0.4,12.4
2025-04-21 08:00:00+00:00,23.7,50.3,475.1,49.7,479.8,18.1,0.4,11.7
2025-04-21 09:00:00+00:00,24.2,51.3,627.9,49.7,473.0,17.2,0.4,11.0
2025-04-21 10:00:00+00:00,24.5,51.3,710.7,49.7,470.5,16.6,0.4,10.3
2025-04-21 11:00:00+00:00,24.5,51.4,962.1,49.7,469.5,16.6,0.4,10.4
2025-04-21 12:00:00+00:00,25.0,51.4,1106.8,49.7,468.0,15.6,0.4,9.6
2025-04-21 13:00:00+00:00,25.2,51.2,1296.3,49.7,452.0,14.2,0.4,9.1
2025-04-21 14:00:00+00:00,25.2,51.2,816.2,49.7,439.1,14.0,0.4,9.0
2025-04-21 15:00:00+00:00,25.6,51.2,677.0,49.7,431.6,14.7,0.4,9.3
2025-04-21 16:00:00+00:00,25.5,51.2,258.6,49.6,424.5,16.5,0.4,10.1
2025-04-21 17:00:00+00:00,25.1,51.2,96.4,52.4,424.5,18.5,0.4,11.9
2025-04-21 18:00:00+00:00,25.0,51.2,86.3,48.4,420.1,20.8,0.4,13.4
2025-04-21 19:00:00+00:00,25.0,51.4,86.3,45.7,424.4,22.2,0.4,13.9
2025-04-21 20:00:00+00:00,24.9,51.4,86.3,45.7,425.6,22.2,0.5,13.8
2025-04-21 21:00:00+00:00,24.6,51.4,86.3,45.9,426.7,21.8,0.6,13.8
2025-04-21 22:00:00+00:00,24.7,51.5,86.3,45.9,425.4,21.8,0.5,13.8
2025-04-21 23:00:00+00:00,24.7,51.5,86.3,48.4,427.1,21.0,0.5,13.5
2025-04-22 00:00:00+00:00,24.5,51.6,86.3,49.7,431.0,18.2,0.6,12.3
2025-04-22 01:00:00+00:00,24.5,51.6,86.3,49.7,431.0,18.3,0.6,12.3
2025-04-22 02:00:00+00:00,24.5,51.5,86.3,49.7,431.6,18.3,0.6,12.4
2025-04-22 03:00:00+00:00,24.1,51.5,86.3,48.3,432.7,18.9,0.6,12.6
2025-04-22 04:00:00+00:00,23.5,50.4,167.6,48.3,451.6,20.2,0.7,12.7
2025-04-22 05:00:00+00:00,23.6,50.4,218.2,48.3,451.0,19.0,0.6,12.5
2025-04-22 06:00:00+00:00,24.0,50.3,507.0,45.6,452.1,20.8,0.6,12.9
2025-04-22 07:00:00+00:00,24.1,50.3,453.8,48.3,472.3,19.0,0.5,12.4
2025-04-22 08:00:00+00:00,24.2,50.2,475.1,50.3,476.8,18.5,0.5,12.3
2025-04-22 09:00:00+00:00,24.2,51.2,627.9,49.7,478.6,17.1,0.5,10.8
2025-04-22 10:00:00+00:00,24.3,51.3,701.8,49.7,472.5,16.4,0.5,9.8
2025-04-22 11:00:00+00:00,24.5,51.3,953.1,49.7,472.6,14.2,0.5,9.2
2025-04-22 12:00:00+00:00,24.5,51.3,1482.8,49.7,468.0,12.8,0.5,8.9
2025-04-22 13:00:00+00:00,24.4,51.2,1660.0,49.7,462.7,14.2,0.5,9.1
2025-04-22 14:00:00+00:00,24.7,51.2,1660.0,49.7,446.9,15.6,0.4,9.5
2025-04-22 15:00:00+00:00,24.8,51.1,1610.3,49.6,435.7,17.0,0.4,10.3
2025-04-22 16:00:00+00:00,25.1,51.1,710.0,50.1,425.1,17.6,0.4,11.1
2025-04-22 17:00:00+00:00,25.2,51.2,113.3,50.7,414.6,20.7,0.5,13.2
2025-04-22 18:00:00+00:00,25.1,51.2,86.3,45.9,419.3,22.1,0.5,13.7
2025-04-22 19:00:00+00:00,25.4,51.3,86.3,45.7,420.8,22.2,0.6,13.8
2025-04-22 20:00:00+00:00,25.0,51.3,86.3,45.6,421.5,22.2,0.5,13.8
2025-04-22 21:00:00+00:00,25.0,51.4,86.3,45.7,422.2,22.1,0.5,13.7
2025-04-22 22:00:00+00:00,24.9,51.4,86.3,45.9,422.7,22.0,0.5,13.6
2025-04-22 23:00:00+00:00,24.7,51.5,86.3,48.3,423.2,21.8,0.5,13.3
2025-04-23 00:00:00+00:00,24.7,52.4,86.3,50.1,431.0,18.6,0.5,12.4
2025-04-23 01:00:00+00:00,24.7,52.4,86.3,49.7,431.0,18.3,0.5,12.3
2025-04-23 02:00:00+00:00,24.4,52.3,86.3,49.7,431.8,18.2,0.6,12.2
2025-04-23 03:00:00+00:00,24.2,52.3,86.3,49.7,432.5,18.0,0.7,12.2
2025-04-23 04:00:00+00:00,23.8,51.4,167.6,49.7,451.0,18.1,0.8,12.2
2025-04-23 05:00:00+00:00,23.6,51.4,218.2,50.3,448.7,18.3,0.7,12.4
2025-04-23 06:00:00+00:00,23.6,51.4,502.8,46.0,451.6,19.9,0.6,12.6
2025-04-23 07:00:00+00:00,23.9,51.3,453.8,49.7,472.3,18.3,0.5,12.0
2025-04-23 08:00:00+00:00,24.0,51.3,475.1,49.7,480.0,17.0,0.5,11.1
2025-04-23 09:00:00+00:00,24.2,52.1,627.9,49.7,478.2,17.2,0.5,10.9
2025-04-23 10:00:00+00:00,24.1,52.1,701.8,49.7,474.0,17.0,0.5,10.4
2025-04-23 11:00:00+00:00,24.3,52.2,953.1,49.7,474.3,17.0,0.5,10.5
2025-04-23 12:00:00+00:00,24.2,52.2,1473.8,49.7,477.6,15.5,0.4,9.7
2025-04-23 13:00:00+00:00,24.3,52.1,1660.0,49.7,462.8,12.8,0.4,8.9
2025-04-23 14:00:00+00:00,24.5,52.1,1660.0,49.7,449.0,12.6,0.4,8.8
2025-04-23 15:00:00+00:00,25.0,52.0,1478.0,49.7,433.8,12.9,0.5,8.9
2025-04-23 16:00:00+00:00,25.1,52.0,710.0,49.7,427.0,14.3,0.5,9.3
2025-04-23 17:00:00+00:00,25.0,52.1,113.3,49.7,424.5,17.9,0.6,10.8
2025-04-23 18:00:00+00:00,24.9,52.1,86.3,50.7,422.8,20.7,0.6,13.2
2025-04-23 19:00:00+00:00,24.8,52.2,86.3,50.7,425.8,20.7,0.7,13.3
2025-04-23 20:00:00+00:00,24.8,52.2,86.3,49.6,426.1,13.4,0.8,9.2
2025-04-23 21:00:00+00:00,24.6,52.2,86.3,49.6,427.4,17.1,0.8,10.0
2025-04-23 22:00:00+00:00,24.6,52.2,86.3,50.4,427.7,18.1,0.9,11.6
2025-04-23 23:00:00+00:00,24.6,52.2,86.3,48.4,427.5,20.7,0.9,13.6
2025-04-24 00:00:00+00:00,24.2,52.4,86.3,50.1,432.0,18.3,1.0,12.5
2025-04-24 01:00:00+00:00,23.7,52.4,86.3,46.1,433.3,19.8,0.9,12.8
2025-04-24 02:00:00+00:00,23.6,52.3,86.3,45.6,433.7,20.2,0.9,13.1
2025-04-24 03:00:00+00:00,23.4,52.3,86.3,45.7,434.0,20.2,0.8,13.1
2025-04-24 04:00:00+00:00,23.2,51.4,167.6,45.4,448.0,20.2,0.7,13.2
2025-04-24 05:00:00+00:00,23.4,51.4,185.5,45.7,449.6,20.1,1.0,13.0
2025-04-24 06:00:00+00:00,23.4,51.4,327.1,45.4,448.5,20.3,0.7,13.0
2025-04-24 07:00:00+00:00,23.2,51.3,402.5,45.6,472.0,20.1,0.6,12.7
2025-04-24 08:00:00+00:00,23.5,51.3,429.7,45.9,481.1,20.3,0.6,12.7
2025-04-24 09:00:00+00:00,23.3,52.1,638.6,48.6,491.3,18.6,0.6,12.4
2025-04-24 10:00:00+00:00,23.3,52.1,699.7,49.7,493.1,16.4,0.7,9.9
2025-04-24 11:00:00+00:00,23.6,52.2,722.2,49.7,476.7,16.7,0.6,10.2
2025-04-24 12:00:00+00:00,23.6,52.2,853.7,49.7,476.0,17.2,0.6,10.7
2025-04-24 13:00:00+00:00,24.1,52.1,983.5,50.3,456.1,17.2,0.6,10.9
2025-04-24 14:00:00+00:00,24.3,52.1,1069.2,50.1,451.8,17.2,0.6,11.3
2025-04-24 15:00:00+00:00,24.6,52.0,707.6,50.1,446.4,17.6,0.6,11.2
2025-04-24 16:00:00+00:00,24.6,52.0,241.8,45.9,438.9,21.3,0.6,13.4
2025-04-24 17:00:00+00:00,24.7,52.1,82.8,50.7,428.6,20.7,0.7,13.4
2025-04-24 18:00:00+00:00,24.3,52.1,86.3,48.3,425.5,20.8,0.7,13.6
2025-04-24 19:00:00+00:00,24.3,52.2,86.3,45.6,426.0,21.6,0.9,14.0
2025-04-24 20:00:00+00:00,24.2,52.2,86.3,45.9,427.3,21.2,1.0,14.1
2025-04-24 21:00:00+00:00,24.2,52.2,86.3,48.3,428.0,20.5,1.0,13.7
2025-04-24 22:00:00+00:00,24.3,52.2,86.3,48.3,428.4,20.5,1.0,13.7
2025-04-24 23:00:00+00:00,24.3,52.2,86.3,48.4,429.9,20.7,1.0,13.6
2025-04-25 00:00:00+00:00,23.4,52.3,86.3,50.1,433.5,18.7,1.1,12.6
2025-04-25 01:00:00+00:00,24.0,52.3,86.3,48.4,431.6,19.0,1.0,12.8
2025-04-25 02:00:00+00:00,23.8,52.2,86.3,46.1,433.6,19.0,1.0,12.8
2025-04-25 03:00:00+00:00,23.3,52.2,86.3,46.0,434.2,19.2,1.0,12.9
2025-04-25 04:00:00+00:00,23.1,51.4,167.6,48.3,449.4,18.7,1.0,12.6
2025-04-25 05:00:00+00:00,23.3,51.4,218.2,48.3,448.7,18.7,0.9,12.5
2025-04-25 06:00:00+00:00,23.3,51.4,529.6,46.0,450.3,19.1,0.7,12.6
2025-04-25 07:00:00+00:00,23.3,51.3,453.8,49.9,474.1,18.2,0.7,12.2
2025-04-25 08:00:00+00:00,23.6,51.3,475.1,50.3,479.5,18.3,0.7,12.0
2025-04-25 09:00:00+00:00,23.7,52.0,627.9,50.3,477.0,18.1,0.6,11.6
2025-04-25 10:00:00+00:00,23.8,52.1,710.7,49.7,474.5,17.0,0.6,11.0
2025-04-25 11:00:00+00:00,23.8,52.1,962.1,49.7,471.1,15.4,0.6,9.7
2025-04-25 12:00:00+00:00,23.9,52.1,1482.8,49.7,469.1,15.4,0.6,9.4
2025-04-25 13:00:00+00:00,24.1,52.0,1660.0,49.7,454.2,11.8,0.5,8.8
2025-04-25 14:00:00+00:00,24.2,52.0,1660.0,49.7,443.2,11.6,0.5,8.8
2025-04-25 15:00:00+00:00,24.5,51.9,1193.1,49.7,432.9,11.9,0.5,8.9
2025-04-25 16:00:00+00:00,24.6,51.9,567.3,49.6,427.4,13.5,0.6,9.2
2025-04-25 17:00:00+00:00,24.5,52.0,113.3,49.6,421.9,16.5,0.7,10.1
2025-04-25 18:00:00+00:00,24.4,52.0,86.3,50.1,423.8,18.3,0.7,11.9
2025-04-25 19:00:00+00:00,24.3,52.1,86.3,50.4,423.6,19.0,0.7,12.2
2025-04-25 20:00:00+00:00,24.0,52.1,86.3,50.1,424.5,17.0,0.7,11.3
2025-04-25 21:00:00+00:00,24.0,52.1,86.3,50.1,429.3,17.0,0.7,11.5
2025-04-25 22:00:00+00:00,23.5,52.1,86.3,50.4,428.9,17.0,0.7,11.7
2025-04-25 23:00:00+00:00,23.5,52.1,86.3,50.7,424.9,18.0,0.5,12.0
2025-04-26 00:00:00+00:00,23.4,51.6,86.3,49.7,430.8,14.8,0.4,10.4
2025-04-26 01:00:00+00:00,23.5,51.7,86.3,50.1,431.9,16.0,0.5,11.3
2025-04-26 02:00:00+00:00,23.5,51.5,86.3,46.3,432.5,16.9,0.6,11.6
2025-04-26 03:00:00+00:00,23.7,51.6,86.3,45.7,431.9,17.2,0.7,11.8
2025-04-26 04:00:00+00:00,23.7,50.8,167.6,45.7,432.9,17.3,0.9,11.9
2025-04-26 05:00:00+00:00,23.2,50.8,178.5,45.7,434.1,17.5,0.9,12.0
2025-04-26 06:00:00+00:00,23.3,50.8,284.7,45.6,434.3,17.5,0.7,11.9
2025-04-26 07:00:00+00:00,23.2,50.8,419.3,49.7,433.9,15.5,0.6,10.6
2025-04-26 08:00:00+00:00,23.4,50.7,581.2,49.7,432.3,14.1,0.5,9.0
2025-04-26 09:00:00+00:00,23.6,51.4,627.9,49.7,432.5,16.1,0.5,10.0
2025-04-26 10:00:00+00:00,23.8,51.4,710.7,49.7,431.5,15.8,0.5,9.3
2025-04-26 11:00:00+00:00,23.5,51.4,886.0,49.7,426.5,15.4,0.6,9.5
2025-04-26 12:00:00+00:00,23.5,51.4,1106.8,49.7,419.4,15.4,0.6,9.6
2025-04-26 13:00:00+00:00,24.2,51.3,1114.5,49.7,408.8,15.8,0.4,9.6
2025-04-26 14:00:00+00:00,24.6,51.3,1069.2,50.3,408.0,15.8,0.4,9.8
2025-04-26 15:00:00+00:00,25.1,51.2,1063.6,45.7,407.1,18.4,0.4,12.0
2025-04-26 16:00:00+00:00,25.5,51.2,414.8,48.3,409.1,18.4,0.5,12.1
2025-04-26 17:00:00+00:00,25.2,51.3,96.4,49.6,411.8,12.7,0.6,8.6
2025-04-26 18:00:00+00:00,24.8,51.3,86.3,52.4,423.2,16.1,0.7,10.3
2025-04-26 19:00:00+00:00,24.7,51.4,86.3,45.9,426.4,18.7,0.7,12.5
2025-04-26 20:00:00+00:00,24.1,51.4,86.3,45.6,426.5,18.9,0.9,12.6
2025-04-26 21:00:00+00:00,24.2,51.4,86.3,45.7,427.0,18.9,0.8,12.8
2025-04-26 22:00:00+00:00,24.2,51.5,86.3,48.3,427.4,18.6,0.9,12.6
2025-04-26 23:00:00+00:00,23.9,51.5,86.3,48.3,427.4,18.4,0.9,12.5
2025-04-27 00:00:00+00:00,23.6,51.7,86.3,46.0,430.7,16.8,0.7,11.5
2025-04-27 01:00:00+00:00,23.9,51.7,86.3,48.4,431.2,16.8,0.4,11.6
2025-04-27 02:00:00+00:00,23.8,51.6,86.3,50.1,433.0,16.7,0.3,11.4
2025-04-27 03:00:00+00:00,23.5,51.6,86.3,48.3,433.6,16.8,0.4,11.4
2025-04-27 04:00:00+00:00,23.2,50.8,167.6,48.3,433.2,16.7,0.6,11.4
2025-04-27 05:00:00+00:00,23.2,50.8,192.1,46.0,436.2,16.8,0.7,11.6
2025-04-27 06:00:00+00:00,23.0,50.8,386.7,46.1,435.8,16.4,0.7,11.4
2025-04-27 07:00:00+00:00,23.6,50.8,542.1,48.3,434.0,16.8,0.4,11.3
2025-04-27 08:00:00+00:00,23.5,50.7,475.1,49.7,433.4,14.1,0.4,8.8
2025-04-27 09:00:00+00:00,23.6,51.4,669.7,49.7,433.4,15.5,0.4,10.2
2025-04-27 10:00:00+00:00,23.7,51.4,733.1,49.7,431.0,15.3,0.4,9.3
2025-04-27 11:00:00+00:00,23.9,51.4,905.5,49.7,426.2,15.0,0.4,9.6
2025-04-27 12:00:00+00:00,23.8,51.4,1288.6,49.7,422.2,14.4,0.4,8.5
2025-04-27 13:00:00+00:00,24.0,51.3,853.1,49.7,418.9,14.4,0.4,8.5
2025-04-27 14:00:00+00:00,24.3,51.3,807.9,49.7,418.9,15.3,0.4,9.3
2025-04-27 15:00:00+00:00,24.5,51.2,537.0,49.7,417.5,15.8,0.3,9.6
2025-04-27 16:00:00+00:00,24.7,51.2,273.9,49.7,422.9,14.8,0.4,9.7
2025-04-27 17:00:00+00:00,23.8,51.3,82.8,50.1,429.3,16.0,0.5,10.4
2025-04-27 18:00:00+00:00,23.7,51.3,86.3,48.3,432.1,18.4,0.8,12.7
2025-04-27 19:00:00+00:00,24.0,51.4,86.3,45.7,432.9,18.7,0.8,13.0
2025-04-27 20:00:00+00:00,23.4,51.4,86.3,45.7,433.6,18.7,0.8,12.8
2025-04-27 21:00:00+00:00,23.5,51.5,86.3,45.7,433.0,18.6,0.8,12.6
2025-04-27 22:00:00+00:00,23.7,51.5,86.3,45.7,427.7,18.4,0.3,12.2
2025-04-27 23:00:00+00:00,23.3,51.5,86.3,48.4,428.9,18.0,0.2,12.0
2025-04-28 00:00:00+00:00,23.2,51.7,86.3,49.7,432.3,18.1,0.3,12.4
2025-04-28 01:00:00+00:00,24.3,51.7,86.3,49.7,432.0,18.2,0.3,12.9
2025-04-28 02:00:00+00:00,23.0,51.6,86.3,46.3,433.4,20.1,0.3,13.6
2025-04-28 03:00:00+00:00,22.1,51.6,86.3,45.7,437.1,20.7,0.3,13.9
2025-04-28 04:00:00+00:00,22.1,50.8,167.6,45.6,454.9,20.7,0.3,13.9
2025-04-28 05:00:00+00:00,22.6,50.8,192.1,45.4,454.6,20.8,0.3,13.6
2025-04-28 06:00:00+00:00,23.1,50.8,441.2,45.4,454.9,20.8,0.3,13.5
2025-04-28 07:00:00+00:00,23.1,50.8,452.8,45.6,491.8,20.8,0.4,13.0
2025-04-28 08:00:00+00:00,23.4,50.7,553.2,45.4,508.5,20.8,0.4,13.0
2025-04-28 09:00:00+00:00,23.6,51.4,582.5,50.3,483.9,18.1,0.4,12.1
2025-04-28 10:00:00+00:00,23.4,51.4,733.1,49.7,482.1,16.3,0.4,10.4
2025-04-28 11:00:00+00:00,23.4,51.4,886.0,49.7,480.9,13.9,0.4,9.2
2025-04-28 12:00:00+00:00,23.9,51.4,1384.8,49.7,481.2,13.3,0.4,8.9
2025-04-28 13:00:00+00:00,23.7,51.3,1499.4,49.7,464.6,12.3,0.4,8.9
2025-04-28 14:00:00+00:00,24.2,51.3,1499.4,49.7,453.2,13.5,0.4,9.0
2025-04-28 15:00:00+00:00,24.6,51.2,1449.7,49.7,442.2,13.8,0.4,9.2
2025-04-28 16:00:00+00:00,24.8,51.2,710.0,49.6,441.9,15.6,0.4,10.0
2025-04-28 17:00:00+00:00,24.4,51.3,113.3,50.1,429.9,17.6,0.4,11.4
2025-04-28 18:00:00+00:00,23.9,51.3,86.3,50.7,427.4,20.7,0.4,13.7
2025-04-28 19:00:00+00:00,23.9,51.4,86.3,45.9,431.5,22.0,0.4,14.2
2025-04-28 20:00:00+00:00,23.7,51.4,86.3,50.7,431.2,21.3,0.3,14.1
2025-04-28 21:00:00+00:00,22.9,51.5,86.3,50.4,437.9,19.1,0.3,13.3
2025-04-28 22:00:00+00:00,22.6,51.5,86.3,50.4,437.3,18.6,0.3,12.8
2025-04-28 23:00:00+00:00,22.5,51.5,86.3,50.4,431.2,18.3,0.2,12.6
2025-04-29 00:00:00+00:00,21.2,51.7,86.3,49.7,437.2,14.9,0.3,11.0
2025-04-29 01:00:00+00:00,21.6,51.7,86.3,49.7,437.3,16.5,0.3,12.6
2025-04-29 02:00:00+00:00,21.0,51.6,86.3,49.7,454.5,18.2,0.3,14.0
2025-04-29 03:00:00+00:00,20.5,51.6,86.3,49.7,453.8,19.7,0.3,15.0
2025-04-29 04:00:00+00:00,20.4,50.8,167.6,49.7,459.2,19.4,0.3,14.9
2025-04-29 05:00:00+00:00,22.0,50.8,208.9,50.3,454.4,18.4,0.3,13.6
2025-04-29 06:00:00+00:00,23.0,50.8,529.6,48.3,454.1,19.0,0.4,12.9
2025-04-29 07:00:00+00:00,23.0,50.8,453.8,49.7,493.6,16.6,0.4,11.0
2025-04-29 08:00:00+00:00,23.5,50.7,475.1,49.7,511.0,15.1,0.5,9.8
2025-04-29 09:00:00+00:00,23.5,51.4,619.0,49.7,505.8,14.0,0.5,9.6
2025-04-29 10:00:00+00:00,23.5,51.4,701.8,49.7,484.0,15.5,0.5,9.6
2025-04-29 11:00:00+00:00,23.6,51.4,804.2,49.7,475.5,14.1,0.5,9.5
2025-04-29 12:00:00+00:00,23.8,51.4,1232.1,49.7,476.7,15.4,0.5,9.6
2025-04-29 13:00:00+00:00,24.0,51.3,1409.3,49.7,459.3,15.6,0.4,9.8
2025-04-29 14:00:00+00:00,24.2,51.3,1418.2,49.6,442.4,16.6,0.4,10.2
2025-04-29 15:00:00+00:00,24.7,51.2,1368.6,49.6,436.5,12.4,0.5,8.8
2025-04-29 16:00:00+00:00,24.7,51.2,760.1,49.6,432.9,12.9,0.5,9.0
2025-04-29 17:00:00+00:00,24.2,51.3,122.6,49.6,431.1,17.1,0.5,10.4
2025-04-29 18:00:00+00:00,23.5,51.3,86.3,50.7,427.7,20.7,0.5,13.7
2025-04-29 19:00:00+00:00,23.6,51.4,86.3,50.7,433.0,20.9,0.5,13.8
2025-04-29 20:00:00+00:00,23.4,51.4,86.3,50.4,432.9,20.4,0.4,13.0
2025-04-29 21:00:00+00:00,22.9,51.5,86.3,50.7,436.6,20.4,0.4,13.7
2025-04-29 22:00:00+00:00,22.3,51.5,86.3,50.7,438.0,21.3,0.3,15.1
2025-04-29 23:00:00+00:00,22.5,51.5,86.3,48.4,432.1,23.4,0.3,16.0
2025-04-30 00:00:00+00:00,22.0,51.9,86.3,49.7,437.5,18.4,0.3,13.8
2025-04-30 01:00:00+00:00,21.2,52.0,86.3,49.7,444.4,19.4,0.2,14.7
2025-04-30 02:00:00+00:00,21.1,51.9,86.3,49.7,445.1,17.6,0.2,14.1
2025-04-30 03:00:00+00:00,22.1,51.9,86.3,49.7,438.0,18.1,0.2,13.5
2025-04-30 04:00:00+00:00,22.2,51.2,182.0,49.7,455.2,18.1,0.3,13.1
2025-04-30 05:00:00+00:00,23.2,51.2,262.5,50.3,453.3,18.4,0.4,12.7
2025-04-30 06:00:00+00:00,23.0,51.2,520.1,48.3,454.2,19.6,0.4,12.6
2025-04-30 07:00:00+00:00,23.3,51.2,453.8,49.7,493.1,15.5,0.5,10.5
2025-04-30 08:00:00+00:00,23.4,51.1,475.1,49.7,491.8,14.1,0.4,10.0
2025-04-30 09:00:00+00:00,23.1,51.8,619.0,49.7,495.7,15.1,0.5,9.9
2025-04-30 10:00:00+00:00,23.5,51.7,701.8,49.7,494.1,15.3,0.4,9.7
2025-04-30 11:00:00+00:00,23.6,51.8,804.2,49.7,485.4,13.5,0.4,9.3
2025-04-30 12:00:00+00:00,23.9,51.7,1179.0,49.7,480.6,12.1,0.4,9.0
2025-04-30 13:00:00+00:00,24.2,51.6,1356.1,49.7,462.5,12.1,0.4,9.0
2025-04-30 14:00:00+00:00,24.6,51.6,1365.1,49.7,449.5,12.7,0.4,9.1
2025-04-30 15:00:00+00:00,24.7,51.5,1315.4,49.6,433.3,12.2,0.4,9.0
2025-04-30 16:00:00+00:00,25.1,51.5,628.8,49.6,429.5,12.5,0.5,9.2
2025-04-30 17:00:00+00:00,24.7,51.6,113.3,49.6,420.8,14.5,0.5,9.6
2025-04-30 18:00:00+00:00,24.0,51.6,86.3,49.6,422.3,14.7,0.6,9.7
2025-04-30 19:00:00+00:00,24.4,51.7,86.3,49.6,423.4,14.7,0.6,10.0
2025-04-30 20:00:00+00:00,23.8,51.7,86.3,50.1,427.7,16.8,0.7,11.1
2025-04-30 21:00:00+00:00,23.6,51.7,86.3,50.7,433.4,20.6,0.6,13.4
2025-04-30 22:00:00+00:00,23.6,51.8,86.3,45.9,433.9,21.2,0.6,14.2
2025-04-30 23:00:00+00:00,23.5,51.8,86.3,48.4,433.9,21.0,0.5,14.2
2025-05-01 00:00:00+00:00,23.3,51.9,86.3,47.7,432.5,18.5,0.4,12.7
2025-05-01 01:00:00+00:00,22.6,52.0,86.3,48.4,437.0,19.4,0.3,12.8
2025-05-01 02:00:00+00:00,22.6,51.9,86.3,49.7,437.4,18.3,0.3,12.6
2025-05-01 03:00:00+00:00,22.4,51.9,86.3,49.7,437.2,18.2,0.3,12.9
2025-05-01 04:00:00+00:00,22.4,51.3,182.0,49.7,454.4,18.2,0.3,13.0
2025-05-01 05:00:00+00:00,23.5,51.3,262.5,50.3,453.4,18.4,0.5,12.5
2025-05-01 06:00:00+00:00,23.5,51.3,520.1,49.7,451.3,17.3,0.5,11.7
2025-05-01 07:00:00+00:00,23.4,51.2,453.8,49.7,473.1,13.6,0.5,9.5
2025-05-01 08:00:00+00:00,23.4,51.2,475.1,49.6,494.4,11.9,0.5,8.8
2025-05-01 09:00:00+00:00,23.6,51.8,619.0,49.6,513.7,11.6,0.4,8.6
2025-05-01 10:00:00+00:00,23.9,51.7,701.8,49.6,499.4,12.2,0.4,8.7
2025-05-01 11:00:00+00:00,23.9,51.8,813.2,49.6,489.3,12.8,0.4,8.9
2025-05-01 12:00:00+00:00,24.4,51.7,1084.1,49.7,485.1,12.8,0.4,9.0
2025-05-01 13:00:00+00:00,24.4,51.6,1211.4,49.6,466.0,12.6,0.4,8.8
2025-05-01 14:00:00+00:00,24.7,51.6,822.8,49.6,457.7,13.0,0.4,8.8
2025-05-01 15:00:00+00:00,24.7,51.5,904.4,49.7,443.8,17.6,0.4,10.5
2025-05-01 16:00:00+00:00,25.3,51.5,513.8,49.6,437.5,12.9,0.4,9.2
2025-05-01 17:00:00+00:00,25.0,51.6,113.3,49.7,422.0,12.9,0.5,9.2
2025-05-01 18:00:00+00:00,25.0,51.6,86.3,49.6,419.2,16.6,0.5,10.0
2025-05-01 19:00:00+00:00,25.2,51.7,86.3,50.1,420.4,18.1,0.5,11.6
2025-05-01 20:00:00+00:00,24.9,51.7,86.3,48.3,420.9,20.8,0.5,13.4
2025-05-01 21:00:00+00:00,24.9,51.7,86.3,45.9,421.6,21.3,0.5,13.5
2025-05-01 22:00:00+00:00,24.3,51.8,86.3,48.3,422.5,21.2,0.5,13.4
2025-05-01 23:00:00+00:00,24.3,51.8,86.3,48.4,423.1,20.7,0.5,13.2
2025-05-02 00:00:00+00:00,23.9,51.9,86.3,48.0,431.2,19.0,0.6,12.6
2025-05-02 01:00:00+00:00,24.2,52.0,86.3,46.3,431.0,19.2,0.5,12.8
2025-05-02 02:00:00+00:00,24.2,51.9,86.3,49.7,431.6,15.8,0.5,10.8
2025-05-02 03:00:00+00:00,24.2,51.9,86.3,49.7,431.9,17.2,0.5,11.8
2025-05-02 04:00:00+00:00,23.9,51.3,182.0,48.3,452.4,19.0,0.5,12.6
2025-05-02 05:00:00+00:00,23.7,51.3,231.9,46.0,450.8,19.3,0.5,12.6
2025-05-02 06:00:00+00:00,23.6,51.3,529.6,47.9,450.5,18.4,0.5,12.2
2025-05-02 07:00:00+00:00,23.5,51.2,453.8,49.7,496.3,14.4,0.5,10.2
2025-05-02 08:00:00+00:00,23.6,51.2,475.1,49.7,519.9,13.1,0.5,9.4
2025-05-02 09:00:00+00:00,23.6,51.8,619.0,49.7,517.2,12.7,0.5,9.3
2025-05-02 10:00:00+00:00,23.8,51.7,701.8,49.7,498.4,15.1,0.5,9.4
2025-05-02 11:00:00+00:00,24.1,51.8,813.2,49.7,489.0,13.8,0.5,9.1
2025-05-02 12:00:00+00:00,24.3,51.7,1084.1,49.6,484.9,13.5,0.5,8.9
2025-05-02 13:00:00+00:00,24.1,51.6,1261.2,49.7,466.0,14.2,0.5,9.3
2025-05-02 14:00:00+00:00,24.3,51.6,1261.2,49.7,454.6,15.4,0.5,9.8
2025-05-02 15:00:00+00:00,24.4,51.5,1211.6,49.6,444.3,15.5,0.5,9.7
2025-05-02 16:00:00+00:00,24.6,51.5,573.6,49.7,439.2,15.6,0.5,10.6
2025-05-02 17:00:00+00:00,24.9,51.6,122.6,50.1,438.6,18.1,0.4,11.2
2025-05-02 18:00:00+00:00,24.9,51.6,86.3,49.7,431.3,16.7,0.5,10.7
2025-05-02 19:00:00+00:00,24.8,51.7,86.3,49.6,425.2,13.7,0.5,9.7
2025-05-02 20:00:00+00:00,24.9,51.7,86.3,49.6,424.8,12.3,0.5,9.1
2025-05-02 21:00:00+00:00,25.0,51.7,86.3,49.6,424.8,12.3,0.5,9.2
2025-05-02 22:00:00+00:00,24.4,51.8,86.3,49.6,424.6,13.5,0.5,9.3
2025-05-02 23:00:00+00:00,24.7,51.8,86.3,49.7,424.0,14.6,0.5,9.8
2025-05-03 00:00:00+00:00,24.0,51.9,86.3,49.7,431.2,14.4,0.5,9.3
2025-05-03 01:00:00+00:00,24.3,52.0,86.3,49.7,431.3,15.1,0.4,10.5
2025-05-03 02:00:00+00:00,23.7,51.9,86.3,49.7,431.8,15.9,0.4,10.9
2025-05-03 03:00:00+00:00,23.1,51.9,86.3,49.7,433.0,16.2,0.3,11.3
2025-05-03 04:00:00+00:00,22.9,51.3,182.0,48.3,433.1,16.9,0.3,11.4
2025-05-03 05:00:00+00:00,23.4,51.3,269.8,48.3,433.3,17.0,0.4,11.5
2025-05-03 06:00:00+00:00,23.4,51.3,520.1,45.4,432.6,17.5,0.4,11.7
2025-05-03 07:00:00+00:00,23.5,51.2,453.8,45.9,431.7,17.1,0.4,11.6
2025-05-03 08:00:00+00:00,23.7,51.2,475.1,49.7,431.1,16.7,0.4,10.6
2025-05-03 09:00:00+00:00,23.9,51.8,619.0,49.7,430.0,15.2,0.4,9.1
2025-05-03 10:00:00+00:00,24.0,51.7,701.8,49.7,430.0,12.0,0.4,8.3
2025-05-03 11:00:00+00:00,24.1,51.8,804.2,49.6,421.8,11.0,0.4,8.0
2025-05-03 12:00:00+00:00,25.2,51.7,1075.1,49.6,412.4,11.1,0.4,8.0
2025-05-03 13:00:00+00:00,25.5,51.6,1252.3,49.6,409.9,11.1,0.4,8.0
2025-05-03 14:00:00+00:00,25.5,51.6,1261.2,49.6,407.6,11.1,0.4,8.0
2025-05-03 15:00:00+00:00,25.5,51.5,1211.6,49.6,407.7,10.5,0.4,7.9
2025-05-03 16:00:00+00:00,25.8,51.5,704.9,49.6,407.8,10.8,0.4,8.1
2025-05-03 17:00:00+00:00,26.1,51.6,122.6,49.6,406.7,13.2,0.4,8.5
2025-05-03 18:00:00+00:00,25.7,51.6,86.3,49.7,409.2,14.9,0.4,9.3
2025-05-03 19:00:00+00:00,25.4,51.7,86.3,50.1,417.3,15.0,0.5,9.6
2025-05-03 20:00:00+00:00,25.4,51.7,86.3,50.1,424.8,14.8,0.4,9.5
2025-05-03 21:00:00+00:00,24.8,51.7,86.3,50.1,427.2,16.3,0.4,10.4
2025-05-03 22:00:00+00:00,24.4,51.8,86.3,50.7,427.4,18.3,0.4,11.2
2025-05-03 23:00:00+00:00,24.4,51.8,86.3,48.4,427.3,18.0,0.4,11.8
2025-05-04 00:00:00+00:00,24.4,51.9,86.3,45.7,431.1,16.9,0.3,11.4
2025-05-04 01:00:00+00:00,24.4,52.0,86.3,45.6,431.9,17.0,0.3,11.5
2025-05-04 02:00:00+00:00,24.4,51.9,86.3,45.6,432.7,17.0,0.3,11.5
2025-05-04 03:00:00+00:00,24.1,51.9,86.3,45.6,433.6,17.0,0.2,11.5
2025-05-04 04:00:00+00:00,23.9,51.3,182.0,45.4,433.8,16.9,0.2,11.4
2025-05-04 05:00:00+00:00,23.5,51.3,262.5,45.4,432.3,17.0,0.3,11.3
2025-05-04 06:00:00+00:00,24.0,51.3,529.6,45.9,432.0,16.8,0.3,11.3
2025-05-04 07:00:00+00:00,24.0,51.2,505.1,48.3,431.8,16.7,0.3,11.1
2025-05-04 08:00:00+00:00,24.3,51.2,526.4,49.7,433.2,16.5,0.3,10.9
2025-05-04 09:00:00+00:00,25.6,51.8,670.2,49.7,418.1,16.8,0.3,10.5
2025-05-04 10:00:00+00:00,26.2,51.7,753.0,50.3,412.6,16.6,0.3,10.9
2025-05-04 11:00:00+00:00,26.8,51.8,855.5,49.7,409.4,15.5,0.3,9.6
2025-05-04 12:00:00+00:00,26.8,51.7,1126.4,49.7,409.7,15.4,0.3,8.9
2025-05-04 13:00:00+00:00,27.0,51.6,1312.5,49.7,407.0,13.0,0.3,8.3
2025-05-04 14:00:00+00:00,27.3,51.6,1312.5,49.7,405.8,13.2,0.3,8.4
2025-05-04 15:00:00+00:00,28.1,51.5,1262.8,49.7,406.8,13.2,0.3,8.3
2025-05-04 16:00:00+00:00,28.1,51.5,573.6,49.6,407.5,13.5,0.3,8.6
2025-05-04 17:00:00+00:00,26.3,51.6,122.6,49.7,406.3,15.2,0.3,9.5
2025-05-04 18:00:00+00:00,26.6,51.6,86.3,50.1,407.5,16.8,0.4,10.7
2025-05-04 19:00:00+00:00,26.0,51.7,86.3,49.7,411.0,15.2,0.4,9.4
2025-05-04 20:00:00+00:00,25.7,51.7,86.3,50.1,415.5,16.0,0.4,10.2
2025-05-04 21:00:00+00:00,25.7,51.7,86.3,48.4,421.2,18.0,0.4,11.7
2025-05-04 22:00:00+00:00,25.7,51.8,86.3,48.3,422.7,18.2,0.4,11.8
2025-05-04 23:00:00+00:00,25.8,51.8,86.3,45.9,424.2,18.3,0.4,11.8
2025-05-05 00:00:00+00:00,25.4,51.9,86.3,45.6,426.9,20.5,0.4,12.7
2025-05-05 01:00:00+00:00,25.1,52.0,86.3,45.6,428.9,20.8,0.5,12.9
2025-05-05 02:00:00+00:00,25.1,51.9,86.3,45.7,429.2,20.5,0.4,12.8
2025-05-05 03:00:00+00:00,25.3,51.9,86.3,45.9,432.8,20.5,0.4,12.7
2025-05-05 04:00:00+00:00,24.7,51.3,182.0,46.1,452.0,20.4,0.4,12.5
2025-05-05 05:00:00+00:00,24.2,51.3,178.5,48.3,452.5,20.2,0.4,12.5
2025-05-05 06:00:00+00:00,24.1,51.3,284.7,45.9,453.5,20.7,0.4,12.7
2025-05-05 07:00:00+00:00,23.9,51.2,402.5,46.0,469.7,20.5,0.4,12.6
2025-05-05 08:00:00+00:00,24.0,51.2,392.4,49.7,480.4,17.9,0.3,12.0
2025-05-05 09:00:00+00:00,24.2,51.8,568.7,49.7,512.8,16.4,0.4,10.6
2025-05-05 10:00:00+00:00,24.5,51.7,762.0,50.3,498.7,18.4,0.4,11.7
2025-05-05 11:00:00+00:00,24.3,51.8,864.5,49.7,494.5,17.0,0.4,10.3
2025-05-05 12:00:00+00:00,24.7,51.7,1135.4,49.7,520.8,17.0,0.4,9.8
2025-05-05 13:00:00+00:00,24.6,51.6,1312.5,49.7,491.0,17.6,0.5,10.8
2025-05-05 14:00:00+00:00,25.0,51.6,1312.5,50.1,469.3,18.6,0.5,11.6
2025-05-05 15:00:00+00:00,25.0,51.5,1262.8,49.7,444.2,17.1,0.5,10.7
2025-05-05 16:00:00+00:00,25.1,51.5,573.6,49.6,429.9,14.9,0.4,10.1
2025-05-05 17:00:00+00:00,25.2,51.6,122.6,49.7,423.8,17.4,0.4,10.9
2025-05-05 18:00:00+00:00,25.7,51.6,86.3,50.7,423.3,20.5,0.3,12.6
2025-05-05 19:00:00+00:00,25.7,51.7,86.3,50.4,424.0,20.7,0.4,12.8
2025-05-05 20:00:00+00:00,25.6,51.7,86.3,50.4,422.0,19.4,0.4,12.3
2025-05-05 21:00:00+00:00,25.6,51.7,86.3,50.7,421.6,20.7,0.4,12.8
2025-05-05 22:00:00+00:00,25.3,51.8,86.3,50.7,421.9,20.8,0.4,13.0
2025-05-05 23:00:00+00:00,25.3,51.8,86.3,48.4,421.4,20.7,0.4,13.1
2025-05-06 00:00:00+00:00,25.4,51.9,86.3,45.7,429.9,20.6,0.5,12.7
2025-05-06 01:00:00+00:00,25.2,52.0,86.3,45.4,430.0,20.5,0.5,12.7
2025-05-06 02:00:00+00:00,25.0,51.9,86.3,45.4,430.8,20.5,0.5,12.7
2025-05-06 03:00:00+00:00,24.8,51.9,86.3,45.6,432.3,20.8,0.6,12.8
2025-05-06 04:00:00+00:00,24.3,51.3,182.0,45.4,452.4,20.5,0.5,12.7
2025-05-06 05:00:00+00:00,24.5,51.3,269.8,45.6,455.3,20.7,0.5,12.8
2025-05-06 06:00:00+00:00,24.4,51.3,520.1,45.6,489.7,20.8,0.4,12.8
2025-05-06 07:00:00+00:00,24.2,51.2,511.9,45.7,520.6,20.8,0.4,12.7
2025-05-06 08:00:00+00:00,24.4,51.2,533.1,48.3,514.3,18.7,0.5,12.3
2025-05-06 09:00:00+00:00,24.5,51.8,686.0,49.7,507.4,17.3,0.4,10.5
2025-05-06 10:00:00+00:00,23.8,51.7,685.3,49.7,487.6,17.1,0.4,10.5
2025-05-06 11:00:00+00:00,24.5,51.8,871.3,49.9,488.0,18.3,0.4,11.9
2025-05-06 12:00:00+00:00,24.6,51.7,1142.1,49.7,483.8,17.3,0.5,10.1
2025-05-06 13:00:00+00:00,25.0,51.6,1319.3,49.7,456.6,16.7,0.5,10.3
2025-05-06 14:00:00+00:00,25.0,51.6,1319.3,49.6,444.7,16.7,0.4,10.7
2025-05-06 15:00:00+00:00,25.2,51.5,1269.6,50.1,434.9,17.7,0.4,11.3
2025-05-06 16:00:00+00:00,25.2,51.5,445.2,52.4,428.1,19.1,0.4,12.1
2025-05-06 17:00:00+00:00,25.4,51.6,96.4,50.4,424.4,20.4,0.5,12.5
2025-05-06 18:00:00+00:00,25.8,51.6,86.3,50.7,415.8,20.7,0.5,13.4
2025-05-06 19:00:00+00:00,25.7,51.7,86.3,48.4,434.5,20.7,0.5,13.4
2025-05-06 20:00:00+00:00,25.7,51.7,86.3,49.7,430.7,16.3,0.5,10.4
2025-05-06 21:00:00+00:00,25.9,51.7,86.3,49.7,422.5,16.2,0.6,10.0
2025-05-06 22:00:00+00:00,26.0,51.8,86.3,50.1,422.8,17.9,0.6,11.3
2025-05-06 23:00:00+00:00,26.0,51.8,86.3,45.9,423.2,21.0,0.6,13.4
2025-05-07 00:00:00+00:00,25.9,51.9,86.3,45.3,431.1,20.0,0.6,12.8
2025-05-07 01:00:00+00:00,25.5,52.0,86.3,45.6,430.4,20.0,0.6,12.7
2025-05-07 02:00:00+00:00,25.1,51.9,86.3,45.7,431.3,20.0,0.7,12.7
2025-05-07 03:00:00+00:00,24.5,51.9,86.3,45.6,432.7,20.2,0.7,12.9
2025-05-07 04:00:00+00:00,24.5,51.3,182.0,45.6,449.9,20.2,0.6,12.9
2025-05-07 05:00:00+00:00,24.1,51.3,269.8,45.9,450.3,20.3,0.6,12.9
2025-05-07 06:00:00+00:00,24.0,51.3,519.5,45.9,457.2,19.9,0.6,12.7
2025-05-07 07:00:00+00:00,24.0,51.2,511.9,46.0,483.2,19.7,0.5,12.6
2025-05-07 08:00:00+00:00,24.1,51.2,533.1,46.1,482.0,19.7,0.5,12.6
2025-05-07 09:00:00+00:00,24.3,51.8,677.0,49.7,480.4,17.5,0.5,11.3
2025-05-07 10:00:00+00:00,24.5,51.7,759.8,49.7,477.1,14.6,0.5,9.4
2025-05-07 11:00:00+00:00,24.5,51.8,862.3,49.7,475.3,14.5,0.4,9.4
2025-05-07 12:00:00+00:00,24.5,51.7,1133.2,49.7,480.5,16.0,0.4,9.7
2025-05-07 13:00:00+00:00,24.6,51.6,1310.3,49.7,458.4,16.1,0.4,9.7
2025-05-07 14:00:00+00:00,25.0,51.6,1319.3,49.6,445.5,17.0,0.4,10.4
2025-05-07 15:00:00+00:00,25.2,51.5,1269.6,52.4,439.2,18.8,0.4,12.3
2025-05-07 16:00:00+00:00,25.2,51.5,743.1,49.7,431.0,16.4,0.5,10.5
2025-05-07 17:00:00+00:00,25.1,51.6,122.6,49.6,425.4,17.8,0.5,10.6
2025-05-07 18:00:00+00:00,25.6,51.6,86.3,50.7,419.0,18.6,0.5,12.1
2025-05-07 19:00:00+00:00,25.5,51.7,86.3,45.6,434.4,21.6,0.5,13.9
2025-05-07 20:00:00+00:00,25.5,51.7,86.3,45.7,429.1,21.6,0.6,13.8
2025-05-07 21:00:00+00:00,25.7,51.7,86.3,45.3,426.2,21.6,0.6,13.8
2025-05-07 22:00:00+00:00,25.8,51.8,86.3,45.6,422.9,21.6,0.6,13.8
2025-05-07 23:00:00+00:00,25.4,51.8,86.3,45.6,422.5,21.6,0.6,13.8
2025-05-08 00:00:00+00:00,25.0,51.8,86.3,45.6,430.8,20.0,0.7,12.8
2025-05-08 01:00:00+00:00,24.9,52.0,86.3,45.6,431.1,19.8,0.7,12.7
2025-05-08 02:00:00+00:00,24.5,51.9,86.3,46.1,432.3,19.6,0.8,12.7
2025-05-08 03:00:00+00:00,24.3,52.0,86.3,45.9,432.6,19.8,0.8,12.8
2025-05-08 04:00:00+00:00,24.2,51.3,189.0,46.1,447.3,19.6,0.7,12.6
2025-05-08 05:00:00+00:00,23.8,51.3,372.7,46.0,447.4,19.9,0.7,12.9
2025-05-08 06:00:00+00:00,23.8,51.3,502.3,45.7,453.5,20.3,0.6,12.8
2025-05-08 07:00:00+00:00,23.9,51.3,511.9,45.7,476.3,20.3,0.5,12.7
2025-05-08 08:00:00+00:00,24.1,51.2,533.1,49.9,481.4,18.3,0.5,12.2
2025-05-08 09:00:00+00:00,24.0,51.8,686.0,49.7,479.4,17.2,0.5,10.5
2025-05-08 10:00:00+00:00,24.0,51.8,759.8,49.7,477.3,14.5,0.5,9.2
2025-05-08 11:00:00+00:00,24.2,51.9,871.3,49.7,474.7,13.2,0.5,8.9
2025-05-08 12:00:00+00:00,24.2,51.6,1133.2,49.7,473.2,16.0,0.5,9.3
2025-05-08 13:00:00+00:00,24.5,51.5,1319.3,49.7,460.5,14.6,0.4,9.4
2025-05-08 14:00:00+00:00,24.8,51.5,1319.3,49.7,454.4,14.8,0.5,9.5
2025-05-08 15:00:00+00:00,24.8,51.4,773.1,49.7,438.9,14.5,0.5,9.3
2025-05-08 16:00:00+00:00,24.9,51.4,293.6,49.6,430.3,16.3,0.5,9.9
2025-05-08 17:00:00+00:00,25.0,51.5,96.4,50.1,420.6,18.2,0.6,11.3
2025-05-08 18:00:00+00:00,24.9,51.5,86.3,50.7,419.7,20.6,0.6,12.8
2025-05-08 19:00:00+00:00,25.2,51.6,86.3,45.7,421.3,21.5,0.6,13.8
2025-05-08 20:00:00+00:00,25.4,51.6,86.3,48.3,423.9,21.2,0.6,13.6
2025-05-08 21:00:00+00:00,25.5,51.6,86.3,48.3,423.8,21.2,0.7,13.5
2025-05-08 22:00:00+00:00,25.2,51.7,86.3,45.7,423.6,21.5,0.7,13.7
2025-05-08 23:00:00+00:00,25.2,51.7,86.3,45.4,423.7,21.5,0.7,13.7
2025-05-09 00:00:00+00:00,24.7,51.8,86.3,48.4,431.1,19.2,0.8,12.5
2025-05-09 01:00:00+00:00,25.0,52.0,86.3,49.7,430.1,17.0,0.7,11.8
2025-05-09 02:00:00+00:00,25.2,51.9,86.3,49.7,431.2,14.7,0.5,10.4
2025-05-09 03:00:00+00:00,24.2,52.0,86.3,49.7,432.0,13.6,0.5,9.9
2025-05-09 04:00:00+00:00,23.8,51.3,189.0,49.7,454.5,12.8,0.5,9.2
2025-05-09 05:00:00+00:00,23.2,51.3,372.7,49.7,463.0,12.9,0.5,9.3
2025-05-09 06:00:00+00:00,23.4,51.3,530.4,49.7,464.0,11.3,0.5,9.1
2025-05-09 07:00:00+00:00,23.4,51.3,511.9,49.6,513.1,11.2,0.4,8.6
2025-05-09 08:00:00+00:00,24.1,51.2,533.1,49.6,519.5,11.2,0.4,8.6
2025-05-09 09:00:00+00:00,24.0,51.8,677.0,49.7,513.9,12.9,0.4,9.0
2025-05-09 10:00:00+00:00,24.0,51.8,759.8,49.7,496.9,15.3,0.4,9.5
2025-05-09 11:00:00+00:00,23.8,51.9,871.3,49.7,489.0,16.2,0.5,9.8
2025-05-09 12:00:00+00:00,23.9,51.6,1142.1,49.7,498.1,15.5,0.5,9.8
2025-05-09 13:00:00+00:00,24.1,51.5,928.7,49.7,467.5,15.2,0.5,9.6
2025-05-09 14:00:00+00:00,24.5,51.5,602.6,49.7,453.8,12.2,0.4,8.9
2025-05-09 15:00:00+00:00,24.5,51.4,527.7,49.7,433.9,12.8,0.5,9.0
2025-05-09 16:00:00+00:00,24.6,51.4,364.5,49.6,427.4,13.7,0.5,9.6
2025-05-09 17:00:00+00:00,24.7,51.5,96.4,50.1,422.3,17.7,0.6,11.5
2025-05-09 18:00:00+00:00,24.7,51.5,86.3,50.4,421.9,20.6,0.5,12.6
2025-05-09 19:00:00+00:00,24.9,51.6,86.3,50.7,423.3,20.5,0.5,13.2
2025-05-09 20:00:00+00:00,24.6,51.6,86.3,50.4,426.3,18.4,0.7,11.8
2025-05-09 21:00:00+00:00,24.0,51.6,86.3,48.4,429.0,20.8,1.1,13.3
2025-05-09 22:00:00+00:00,24.1,51.7,86.3,50.7,428.8,21.0,1.2,13.4
2025-05-09 23:00:00+00:00,24.1,51.7,86.3,50.1,430.2,16.4,1.2,11.0
2025-05-10 00:00:00+00:00,23.9,51.8,86.3,47.7,442.5,9.3,1.2,7.2
2025-05-10 01:00:00+00:00,24.0,52.0,86.3,48.1,443.3,13.0,1.2,8.5
2025-05-10 02:00:00+00:00,23.5,51.9,86.3,50.1,435.5,13.5,1.1,8.6
2025-05-10 03:00:00+00:00,23.4,52.0,86.3,49.7,436.0,13.6,1.1,9.2
2025-05-10 04:00:00+00:00,23.2,51.3,182.0,49.7,436.1,12.4,1.0,8.6
2025-05-10 05:00:00+00:00,23.2,51.3,239.2,50.1,435.2,10.7,1.0,8.0
2025-05-10 06:00:00+00:00,23.1,51.3,530.4,48.1,434.1,10.7,0.8,7.9
2025-05-10 07:00:00+00:00,23.2,51.3,511.9,48.1,433.7,10.4,0.6,7.8
2025-05-10 08:00:00+00:00,23.1,51.2,533.1,50.1,432.4,10.4,0.5,7.8
2025-05-10 09:00:00+00:00,23.6,51.8,686.0,50.1,432.2,10.9,0.5,7.8
2025-05-10 10:00:00+00:00,23.7,51.8,768.8,49.6,430.8,11.4,0.5,7.9
2025-05-10 11:00:00+00:00,24.0,51.9,871.3,49.6,425.9,11.5,0.5,8.0
2025-05-10 12:00:00+00:00,24.0,51.6,1142.1,49.7,415.0,12.7,0.5,8.2
2025-05-10 13:00:00+00:00,24.0,51.5,1319.3,49.7,414.0,13.0,0.6,8.6
2025-05-10 14:00:00+00:00,24.1,51.5,1368.8,49.7,417.7,14.7,0.6,9.1
2025-05-10 15:00:00+00:00,24.4,51.4,764.6,49.7,412.4,12.7,0.6,8.4
2025-05-10 16:00:00+00:00,24.9,51.4,513.8,49.6,417.1,14.5,0.6,8.7
2025-05-10 17:00:00+00:00,25.1,51.5,113.3,49.6,419.1,14.9,0.6,9.1
2025-05-10 18:00:00+00:00,24.4,51.5,86.3,50.1,426.0,16.1,0.7,10.4
2025-05-10 19:00:00+00:00,24.1,51.6,86.3,45.9,428.5,18.7,1.1,12.6
2025-05-10 20:00:00+00:00,24.0,51.6,86.3,45.7,429.3,19.1,1.2,13.0
2025-05-10 21:00:00+00:00,24.0,51.6,86.3,45.7,429.1,19.1,1.2,13.2
2025-05-10 22:00:00+00:00,24.0,51.7,86.3,45.7,429.7,19.1,1.2,13.1
2025-05-10 23:00:00+00:00,23.8,51.7,86.3,45.4,429.6,19.1,1.2,13.1
2025-05-11 00:00:00+00:00,23.4,51.8,86.3,45.7,434.5,17.2,0.8,11.9
2025-05-11 01:00:00+00:00,23.4,52.0,86.3,45.6,435.7,16.9,0.8,11.8
2025-05-11 02:00:00+00:00,23.4,51.9,86.3,46.1,442.4,16.9,0.8,12.1
2025-05-11 03:00:00+00:00,23.5,52.0,86.3,48.3,443.3,16.9,0.8,12.2
2025-05-11 04:00:00+00:00,23.2,51.3,182.0,49.7,437.0,16.2,0.8,11.5
2025-05-11 05:00:00+00:00,23.2,51.3,212.2,48.3,436.3,16.3,0.8,11.5
2025-05-11 06:00:00+00:00,23.2,51.3,502.8,48.3,434.0,16.2,0.5,11.3
2025-05-11 07:00:00+00:00,23.6,51.3,542.1,50.3,434.3,16.1,0.4,11.1
2025-05-11 08:00:00+00:00,23.6,51.2,533.1,49.7,432.8,16.2,0.4,10.6
2025-05-11 09:00:00+00:00,23.4,51.8,686.0,49.7,432.1,14.6,0.4,9.5
2025-05-11 10:00:00+00:00,23.7,51.8,768.8,49.7,431.0,12.6,0.4,8.4
2025-05-11 11:00:00+00:00,23.9,51.9,871.3,49.7,426.0,11.1,0.4,8.1
2025-05-11 12:00:00+00:00,24.0,51.6,990.5,49.6,415.1,11.5,0.4,8.0
2025-05-11 13:00:00+00:00,24.2,51.5,1167.7,49.6,413.0,11.5,0.4,8.0
2025-05-11 14:00:00+00:00,24.5,51.5,869.7,49.6,412.1,10.7,0.4,7.9
2025-05-11 15:00:00+00:00,24.8,51.4,605.8,49.6,410.7,11.0,0.4,8.0
2025-05-11 16:00:00+00:00,25.2,51.4,414.8,49.7,418.5,12.7,0.4,8.2
2025-05-11 17:00:00+00:00,24.5,51.5,82.8,49.6,427.8,14.6,0.4,9.0
2025-05-11 18:00:00+00:00,23.9,51.5,86.3,50.1,429.3,16.0,0.6,10.4
2025-05-11 19:00:00+00:00,24.0,51.6,86.3,50.4,431.2,18.5,0.8,11.6
2025-05-11 20:00:00+00:00,24.0,51.6,86.3,50.1,432.4,15.2,0.8,10.5
2025-05-11 21:00:00+00:00,24.1,51.6,86.3,50.4,435.1,16.2,0.8,11.1
2025-05-11 22:00:00+00:00,23.9,51.7,86.3,50.7,434.5,18.2,0.8,12.2
2025-05-11 23:00:00+00:00,23.6,51.7,86.3,48.4,435.8,18.2,0.8,12.9
2025-05-12 00:00:00+00:00,24.6,52.0,61.7,48.1,431.4,18.4,0.6,12.8
2025-05-12 01:00:00+00:00,24.9,52.1,61.7,45.6,429.3,20.8,0.6,13.3
2025-05-12 02:00:00+00:00,24.9,52.0,61.7,45.6,430.0,20.8,0.6,13.3
2025-05-12 03:00:00+00:00,24.5,52.1,61.7,45.7,434.5,20.8,0.6,13.4
2025-05-12 04:00:00+00:00,23.9,51.4,157.4,45.4,448.5,20.8,0.6,13.3
2025-05-12 05:00:00+00:00,23.8,51.4,178.3,48.3,449.1,19.0,0.6,12.7
2025-05-12 06:00:00+00:00,23.8,51.4,444.8,49.7,449.0,17.3,0.6,11.6
2025-05-12 07:00:00+00:00,23.4,51.4,507.4,49.7,473.3,15.0,0.4,9.7
2025-05-12 08:00:00+00:00,23.4,51.3,541.2,49.7,480.3,15.2,0.4,9.7
2025-05-12 09:00:00+00:00,23.7,51.9,661.4,49.7,475.1,16.3,0.4,9.9
2025-05-12 10:00:00+00:00,23.9,51.9,744.2,49.7,470.4,17.1,0.4,10.4
2025-05-12 11:00:00+00:00,24.5,52.0,846.7,50.3,467.5,17.2,0.4,11.1
2025-05-12 12:00:00+00:00,24.8,51.7,966.0,49.7,466.1,17.2,0.4,10.6
2025-05-12 13:00:00+00:00,24.2,51.6,1036.5,49.7,457.8,16.5,0.4,9.8
2025-05-12 14:00:00+00:00,24.5,51.6,853.3,49.7,438.8,14.0,0.4,9.0
2025-05-12 15:00:00+00:00,24.9,51.5,748.5,49.7,431.3,14.7,0.3,9.2
2025-05-12 16:00:00+00:00,25.1,51.5,537.4,49.6,424.6,15.9,0.3,9.9
2025-05-12 17:00:00+00:00,24.9,51.6,88.7,50.1,421.1,18.1,0.4,11.2
2025-05-12 18:00:00+00:00,24.8,51.6,61.7,48.4,420.0,20.8,0.4,13.4
2025-05-12 19:00:00+00:00,24.9,51.7,61.7,45.9,423.9,21.8,0.4,13.8
2025-05-12 20:00:00+00:00,24.6,51.7,61.7,48.4,427.2,20.9,0.6,13.6
2025-05-12 21:00:00+00:00,24.0,51.7,61.7,50.7,438.1,20.8,0.6,13.9
2025-05-12 22:00:00+00:00,24.1,51.8,61.7,48.4,437.2,20.7,0.6,13.8
2025-05-12 23:00:00+00:00,23.8,51.8,61.7,48.3,443.5,21.8,0.6,14.0
2025-05-13 00:00:00+00:00,23.6,52.1,61.7,47.7,433.7,18.2,0.7,12.9
2025-05-13 01:00:00+00:00,24.3,52.1,61.7,49.7,433.0,18.2,0.9,12.7
2025-05-13 02:00:00+00:00,23.7,52.0,61.7,49.7,434.0,18.1,0.8,12.6
2025-05-13 03:00:00+00:00,23.6,52.1,61.7,46.0,436.1,20.1,0.6,13.5
2025-05-13 04:00:00+00:00,23.6,51.4,157.4,45.4,447.6,20.8,0.7,13.4
2025-05-13 05:00:00+00:00,23.6,51.4,187.7,45.7,448.6,20.8,0.9,13.2
2025-05-13 06:00:00+00:00,23.6,51.4,444.8,50.3,450.5,19.0,0.8,12.5
2025-05-13 07:00:00+00:00,23.5,51.4,507.4,48.3,492.8,18.4,0.7,12.4
2025-05-13 08:00:00+00:00,23.5,51.3,532.9,49.9,488.2,18.3,0.6,12.2
2025-05-13 09:00:00+00:00,23.5,51.9,617.4,49.7,485.1,15.4,0.5,9.6
2025-05-13 10:00:00+00:00,23.4,51.9,678.0,49.6,511.4,12.7,0.7,8.7
2025-05-13 11:00:00+00:00,23.7,52.0,772.0,49.7,597.0,12.7,0.8,8.8
2025-05-13 12:00:00+00:00,23.9,51.9,835.8,49.7,484.8,15.9,0.6,9.4
2025-05-13 13:00:00+00:00,23.9,51.8,843.4,49.7,637.3,16.7,0.8,10.6
2025-05-13 14:00:00+00:00,24.0,51.8,741.5,50.1,594.2,18.0,0.8,11.8
2025-05-13 15:00:00+00:00,24.0,51.7,406.5,50.7,627.8,19.0,0.9,12.8
2025-05-13 16:00:00+00:00,24.2,51.7,97.7,48.3,495.9,21.7,0.8,13.7
2025-05-13 17:00:00+00:00,23.6,51.8,58.2,45.9,471.1,21.9,0.8,14.3
2025-05-13 18:00:00+00:00,23.7,51.7,61.7,48.3,456.8,21.0,0.8,14.0
2025-05-13 19:00:00+00:00,23.7,51.8,61.7,48.4,451.8,20.7,0.7,14.3
2025-05-13 20:00:00+00:00,23.7,51.8,61.7,48.4,444.8,20.8,0.7,14.3
2025-05-13 21:00:00+00:00,23.8,51.8,61.7,45.9,436.0,20.8,0.7,14.0
2025-05-13 22:00:00+00:00,23.6,51.9,61.7,50.7,448.1,18.8,0.7,12.5
2025-05-13 23:00:00+00:00,23.6,51.9,61.7,50.1,452.6,18.5,0.6,11.9
2025-05-14 00:00:00+00:00,22.7,52.1,61.7,49.7,437.5,16.3,0.5,11.2
2025-05-14 01:00:00+00:00,22.9,52.1,61.7,50.1,438.0,18.3,0.6,13.3
2025-05-14 02:00:00+00:00,22.7,52.0,61.7,48.1,438.2,18.3,0.6,13.3
2025-05-14 03:00:00+00:00,22.3,52.1,61.7,48.3,439.3,18.3,0.4,13.5
2025-05-14 04:00:00+00:00,22.2,51.4,157.4,48.3,449.7,18.5,0.4,13.5
2025-05-14 05:00:00+00:00,23.1,51.4,178.3,46.1,448.1,19.7,0.7,13.0
2025-05-14 06:00:00+00:00,23.3,51.4,444.8,49.7,451.4,15.5,0.8,10.6
2025-05-14 07:00:00+00:00,23.2,51.4,507.4,49.7,492.0,13.6,0.7,9.3
2025-05-14 08:00:00+00:00,23.2,51.3,508.6,49.7,508.3,13.6,0.6,9.1
2025-05-14 09:00:00+00:00,23.6,51.9,661.4,49.7,487.7,13.6,0.5,9.1
2025-05-14 10:00:00+00:00,23.6,51.9,735.3,49.7,485.5,13.9,0.5,9.1
2025-05-14 11:00:00+00:00,23.7,52.0,837.7,49.7,483.9,12.8,0.5,8.9
2025-05-14 12:00:00+00:00,23.8,51.9,957.0,49.7,482.8,12.6,0.5,8.9
2025-05-14 13:00:00+00:00,23.9,51.8,1027.6,49.7,460.7,13.3,0.4,9.1
2025-05-14 14:00:00+00:00,24.2,51.8,1036.5,49.7,444.3,13.5,0.4,9.2
2025-05-14 15:00:00+00:00,24.7,51.7,986.9,49.6,438.9,16.3,0.5,9.8
2025-05-14 16:00:00+00:00,24.4,51.7,763.5,50.1,445.4,17.7,0.6,11.3
2025-05-14 17:00:00+00:00,24.0,51.8,164.6,49.6,439.8,13.4,0.7,9.0
2025-05-14 18:00:00+00:00,23.6,51.7,61.7,49.6,433.1,15.2,0.8,9.9
2025-05-14 19:00:00+00:00,23.7,51.8,61.7,49.6,436.7,16.6,0.7,10.5
2025-05-14 20:00:00+00:00,23.6,51.8,61.7,49.7,435.9,16.6,0.6,10.7
2025-05-14 21:00:00+00:00,23.6,51.8,61.7,49.7,436.3,17.2,0.6,10.9
2025-05-14 22:00:00+00:00,23.6,51.9,61.7,49.7,440.2,17.2,0.6,10.8
2025-05-14 23:00:00+00:00,23.0,51.9,61.7,49.7,438.5,17.2,0.5,10.7
2025-05-15 00:00:00+00:00,22.8,52.1,149.0,48.3,437.2,14.9,0.5,9.7
2025-05-15 01:00:00+00:00,22.8,52.1,149.0,49.7,437.9,14.9,0.4,9.8
2025-05-15 02:00:00+00:00,22.3,52.0,149.0,49.7,438.6,15.3,0.3,10.1
2025-05-15 03:00:00+00:00,22.0,52.1,159.9,49.7,438.8,16.2,0.3,11.3
2025-05-15 04:00:00+00:00,22.4,51.4,275.5,49.7,451.5,18.0,0.4,12.7
2025-05-15 05:00:00+00:00,23.1,51.4,467.6,49.9,453.1,18.4,0.6,12.5
2025-05-15 06:00:00+00:00,23.4,51.4,635.4,45.7,450.1,20.3,0.5,12.9
2025-05-15 07:00:00+00:00,23.4,51.4,693.6,48.3,472.9,18.6,0.5,12.3
2025-05-15 08:00:00+00:00,23.3,51.3,714.8,49.7,482.4,15.5,0.5,9.8
2025-05-15 09:00:00+00:00,23.6,51.9,867.7,49.7,478.0,13.7,0.5,9.1
2025-05-15 10:00:00+00:00,23.6,51.9,950.5,49.6,476.8,12.4,0.5,8.7
2025-05-15 11:00:00+00:00,23.7,52.0,1061.2,49.6,472.9,12.4,0.5,8.7
2025-05-15 12:00:00+00:00,23.9,51.9,1188.2,49.6,469.4,12.4,0.5,8.7
2025-05-15 13:00:00+00:00,24.2,51.8,1292.8,49.6,454.2,12.5,0.5,8.7
2025-05-15 14:00:00+00:00,24.4,51.8,1000.4,49.6,441.7,12.5,0.5,8.6
2025-05-15 15:00:00+00:00,24.7,51.7,916.4,49.6,434.0,12.9,0.5,8.8
2025-05-15 16:00:00+00:00,25.0,51.7,518.7,49.6,430.2,12.9,0.5,9.0
2025-05-15 17:00:00+00:00,24.7,51.8,170.6,49.6,422.9,15.2,0.5,9.6
2025-05-15 18:00:00+00:00,24.4,51.7,149.0,49.7,421.5,17.1,0.5,10.5
2025-05-15 19:00:00+00:00,24.5,51.8,149.0,50.1,421.8,18.1,0.5,11.4
2025-05-15 20:00:00+00:00,24.1,51.8,149.0,50.4,422.7,18.3,0.5,12.0
2025-05-15 21:00:00+00:00,24.1,51.8,149.0,50.7,423.8,20.4,0.6,12.5
2025-05-15 22:00:00+00:00,24.2,51.9,149.0,45.9,424.1,21.2,0.7,13.6
2025-05-15 23:00:00+00:00,24.3,51.9,149.0,45.9,426.7,21.2,0.8,14.0
2025-05-16 00:00:00+00:00,24.0,52.1,149.0,48.4,432.1,19.0,1.1,12.8
2025-05-16 01:00:00+00:00,24.0,52.1,149.0,45.7,432.1,19.6,1.1,13.0
2025-05-16 02:00:00+00:00,24.0,52.0,149.0,46.0,432.4,19.4,1.2,13.0
2025-05-16 03:00:00+00:00,23.7,52.1,159.9,45.6,433.3,19.8,1.2,13.4
2025-05-16 04:00:00+00:00,23.2,51.4,246.1,48.3,445.3,19.2,1.2,13.2
2025-05-16 05:00:00+00:00,23.3,51.4,257.0,46.0,446.4,19.5,1.2,13.2
2025-05-16 06:00:00+00:00,23.2,51.4,268.5,45.6,447.7,19.9,1.2,13.0
2025-05-16 07:00:00+00:00,23.2,51.4,257.0,45.7,491.1,19.7,1.2,13.0
2025-05-16 08:00:00+00:00,22.9,51.3,297.8,46.0,534.4,18.8,1.0,12.6
2025-05-16 09:00:00+00:00,23.1,51.9,392.1,47.6,503.8,16.6,0.8,11.6
2025-05-16 10:00:00+00:00,23.0,51.9,618.8,50.1,568.5,11.8,0.9,8.5
2025-05-16 11:00:00+00:00,23.2,52.0,618.8,50.1,513.9,12.1,0.8,8.4
2025-05-16 12:00:00+00:00,23.5,51.9,637.3,49.6,510.1,15.3,0.8,9.4
2025-05-16 13:00:00+00:00,23.6,51.8,618.8,49.7,583.2,14.0,0.8,9.5
2025-05-16 14:00:00+00:00,23.5,51.8,618.8,49.7,586.8,14.2,1.0,9.6
2025-05-16 15:00:00+00:00,23.5,51.7,369.7,49.7,585.9,16.4,1.1,10.9
2025-05-16 16:00:00+00:00,23.9,51.7,155.0,50.7,503.4,20.2,1.0,13.0
2025-05-16 17:00:00+00:00,23.7,51.8,145.4,50.7,497.3,20.8,1.2,13.5
2025-05-16 18:00:00+00:00,23.8,51.7,149.0,48.3,441.0,21.0,1.3,14.4
2025-05-16 19:00:00+00:00,24.0,51.8,149.0,48.3,432.6,20.6,1.2,14.2
2025-05-16 20:00:00+00:00,23.9,51.8,149.0,48.3,433.6,20.8,1.2,14.4
2025-05-16 21:00:00+00:00,23.4,51.8,149.0,49.6,442.3,13.5,0.7,9.6
2025-05-16 22:00:00+00:00,22.8,51.9,149.0,47.6,446.2,13.5,0.6,9.6
2025-05-16 23:00:00+00:00,22.4,51.9,149.0,49.6,449.5,13.7,0.4,9.6
2025-05-17 00:00:00+00:00,21.0,52.0,149.0,48.1,429.8,10.9,0.2,7.6
2025-05-17 01:00:00+00:00,21.0,52.1,149.0,48.1,427.7,10.4,0.2,7.5
2025-05-17 02:00:00+00:00,21.1,52.0,149.0,48.1,428.0,10.4,0.2,7.6
2025-05-17 03:00:00+00:00,20.9,52.0,159.9,48.1,428.2,10.4,0.2,7.6
2025-05-17 04:00:00+00:00,20.8,51.3,275.5,48.1,428.4,10.4,0.2,7.5
2025-05-17 05:00:00+00:00,21.8,51.3,467.6,48.1,430.9,10.4,0.2,7.6
2025-05-17 06:00:00+00:00,21.5,51.4,625.3,48.1,433.5,8.6,0.2,7.3
2025-05-17 07:00:00+00:00,22.2,51.3,693.6,48.1,433.4,8.6,0.4,7.1
2025-05-17 08:00:00+00:00,22.9,51.3,714.8,47.7,432.1,8.4,0.4,6.9
2025-05-17 09:00:00+00:00,23.1,51.9,858.7,50.1,433.6,8.4,0.4,7.1
2025-05-17 10:00:00+00:00,23.1,51.8,941.5,50.1,433.8,9.3,0.4,7.7
2025-05-17 11:00:00+00:00,23.3,51.9,1052.2,49.6,428.0,10.1,0.4,7.9
2025-05-17 12:00:00+00:00,23.6,51.8,1179.2,49.6,416.3,10.1,0.4,7.9
2025-05-17 13:00:00+00:00,24.0,51.7,1283.9,49.7,412.7,10.6,0.4,8.1
2025-05-17 14:00:00+00:00,24.4,51.7,1292.8,49.7,413.0,12.2,0.4,8.4
2025-05-17 15:00:00+00:00,24.5,51.6,1234.8,49.6,411.5,14.0,0.4,9.0
2025-05-17 16:00:00+00:00,25.0,51.6,677.5,49.7,416.3,14.9,0.4,9.5
2025-05-17 17:00:00+00:00,24.7,51.7,187.4,50.1,419.6,15.4,0.5,10.4
2025-05-17 18:00:00+00:00,23.9,51.7,149.0,50.1,422.9,17.2,0.5,10.6
2025-05-17 19:00:00+00:00,24.1,51.8,149.0,50.1,425.4,14.8,0.4,9.8
2025-05-17 20:00:00+00:00,24.1,51.8,149.0,49.7,423.7,13.3,0.4,9.4
2025-05-17 21:00:00+00:00,23.9,51.8,149.0,49.7,423.7,14.3,0.4,9.5
2025-05-17 22:00:00+00:00,23.6,51.8,149.0,50.1,424.0,14.8,0.4,9.3
2025-05-17 23:00:00+00:00,23.4,51.9,149.0,50.1,425.4,15.0,0.3,9.8
2025-05-18 00:00:00+00:00,23.8,52.0,149.0,49.7,430.7,14.3,0.1,10.3
2025-05-18 01:00:00+00:00,22.5,52.1,149.0,49.7,432.7,13.8,0.2,9.6
2025-05-18 02:00:00+00:00,22.3,52.0,149.0,49.7,433.2,13.8,0.1,9.4
2025-05-18 03:00:00+00:00,21.5,52.0,159.9,49.7,433.8,14.4,0.1,9.9
2025-05-18 04:00:00+00:00,22.2,51.3,294.2,49.7,434.7,14.7,0.1,10.0
2025-05-18 05:00:00+00:00,22.8,51.3,511.9,49.7,434.3,15.6,0.2,10.5
2025-05-18 06:00:00+00:00,23.1,51.4,702.2,49.7,434.2,13.0,0.3,9.5
2025-05-18 07:00:00+00:00,23.2,51.3,712.2,49.7,433.8,12.5,0.3,8.6
2025-05-18 08:00:00+00:00,23.3,51.3,724.5,49.7,432.2,10.8,0.3,8.3
2025-05-18 09:00:00+00:00,23.4,51.9,877.4,49.7,432.1,11.8,0.3,8.3
2025-05-18 10:00:00+00:00,23.4,51.8,941.5,49.7,430.0,12.1,0.3,8.5
2025-05-18 11:00:00+00:00,23.6,51.9,1052.2,49.7,424.3,12.8,0.3,8.8
2025-05-18 12:00:00+00:00,23.9,51.8,1179.2,49.7,415.0,15.3,0.3,9.3
2025-05-18 13:00:00+00:00,24.4,51.7,1283.9,49.7,413.2,16.0,0.2,9.9
2025-05-18 14:00:00+00:00,24.7,51.7,1292.8,50.1,410.0,16.0,0.3,10.3
2025-05-18 15:00:00+00:00,25.2,51.6,1261.8,50.7,408.8,17.1,0.3,11.3
2025-05-18 16:00:00+00:00,25.5,51.6,964.9,52.4,409.4,18.2,0.3,11.3
2025-05-18 17:00:00+00:00,25.3,51.7,328.3,50.1,414.2,15.4,0.4,10.3
2025-05-18 18:00:00+00:00,24.0,51.7,160.5,50.7,425.8,18.1,0.3,11.3
2025-05-18 19:00:00+00:00,24.2,51.8,149.0,48.4,426.0,17.7,0.3,12.1
2025-05-18 20:00:00+00:00,24.0,51.8,149.0,50.7,426.1,18.0,0.3,12.1
2025-05-18 21:00:00+00:00,23.7,51.8,149.0,50.7,425.6,17.4,0.2,11.1
2025-05-18 22:00:00+00:00,23.4,51.8,149.0,50.7,426.6,18.1,0.2,11.7
2025-05-18 23:00:00+00:00,23.5,51.9,149.0,50.7,427.4,18.2,0.2,11.8
2025-05-19 00:00:00+00:00,25.3,51.9,149.0,49.7,424.9,18.1,0.4,12.2
2025-05-19 01:00:00+00:00,25.0,52.0,149.0,49.7,428.6,18.3,0.3,12.5
2025-05-19 02:00:00+00:00,24.9,51.9,149.0,48.3,429.7,20.1,0.3,12.8
2025-05-19 03:00:00+00:00,24.8,51.9,159.9,45.9,432.5,20.5,0.4,12.9
2025-05-19 04:00:00+00:00,24.8,51.2,294.2,45.6,454.8,20.8,0.4,13.0
2025-05-19 05:00:00+00:00,23.9,51.2,511.9,45.6,452.7,20.6,0.4,12.8
2025-05-19 06:00:00+00:00,23.3,51.1,702.2,45.6,452.0,20.8,0.4,12.8
2025-05-19 07:00:00+00:00,23.3,51.3,712.2,45.9,471.0,20.6,0.4,12.7
2025-05-19 08:00:00+00:00,23.3,51.2,733.5,49.9,496.1,18.2,0.4,12.1
2025-05-19 09:00:00+00:00,23.5,51.9,877.4,49.7,506.3,17.2,0.4,11.1
2025-05-19 10:00:00+00:00,23.8,51.9,941.5,49.7,493.1,17.0,0.4,10.9
2025-05-19 11:00:00+00:00,23.7,51.9,1052.2,49.7,487.5,16.6,0.4,10.4
2025-05-19 12:00:00+00:00,24.1,51.9,1179.2,49.7,482.6,17.2,0.4,10.7
2025-05-19 13:00:00+00:00,24.4,51.7,1283.9,50.3,466.2,17.1,0.4,11.0
2025-05-19 14:00:00+00:00,24.4,51.7,1292.8,49.7,443.8,16.6,0.4,10.8
2025-05-19 15:00:00+00:00,24.8,51.7,1261.8,49.7,433.0,13.3,0.4,9.1
2025-05-19 16:00:00+00:00,25.2,51.7,963.8,49.6,426.3,14.0,0.4,9.5
2025-05-19 17:00:00+00:00,25.2,51.7,328.3,50.1,418.2,18.2,0.4,11.0
2025-05-19 18:00:00+00:00,25.2,51.6,160.5,48.4,419.0,20.7,0.4,13.3
2025-05-19 19:00:00+00:00,25.1,51.7,149.0,48.3,420.5,21.8,0.4,13.5
2025-05-19 20:00:00+00:00,24.9,51.7,149.0,48.3,422.2,21.8,0.4,13.5
2025-05-19 21:00:00+00:00,24.9,51.7,149.0,45.9,422.7,22.1,0.4,13.6
2025-05-19 22:00:00+00:00,25.0,51.8,149.0,45.6,423.1,22.2,0.4,13.7
2025-05-19 23:00:00+00:00,24.8,51.8,149.0,45.6,423.4,22.2,0.4,13.7
2025-05-20 00:00:00+00:00,24.8,51.6,149.0,46.4,431.0,20.4,0.5,12.7
2025-05-20 01:00:00+00:00,25.1,51.6,149.0,48.0,430.9,20.2,0.5,12.7
2025-05-20 02:00:00+00:00,24.8,51.5,149.0,48.3,431.5,20.3,0.5,12.5
2025-05-20 03:00:00+00:00,24.6,51.5,159.9,48.3,432.4,20.2,0.5,12.6
2025-05-20 04:00:00+00:00,24.2,51.1,294.2,48.3,451.8,20.2,0.5,12.4
2025-05-20 05:00:00+00:00,24.0,51.1,511.9,48.3,452.0,19.0,0.5,12.4
2025-05-20 06:00:00+00:00,24.0,51.0,702.2,49.7,452.2,17.0,0.5,11.5
2025-05-20 07:00:00+00:00,24.1,51.2,712.2,49.7,472.6,13.9,0.5,9.4
2025-05-20 08:00:00+00:00,23.8,51.1,733.5,49.6,482.9,11.9,0.4,8.7
2025-05-20 09:00:00+00:00,23.7,51.5,877.4,49.6,509.6,11.7,0.4,8.6
2025-05-20 10:00:00+00:00,24.0,51.4,941.5,49.6,497.3,12.4,0.4,8.6
2025-05-20 11:00:00+00:00,24.1,51.5,1052.2,49.6,489.0,12.8,0.5,8.8
2025-05-20 12:00:00+00:00,24.2,51.5,1179.2,49.7,486.1,14.1,0.5,9.0
2025-05-20 13:00:00+00:00,24.7,51.6,1283.9,49.7,468.9,16.3,0.4,9.5
2025-05-20 14:00:00+00:00,24.7,51.6,1292.8,49.6,454.7,17.1,0.5,10.6
2025-05-20 15:00:00+00:00,24.8,51.5,1261.8,49.6,437.4,16.8,0.5,10.4
2025-05-20 16:00:00+00:00,25.0,51.5,964.9,50.1,429.8,17.7,0.4,11.4
2025-05-20 17:00:00+00:00,25.4,51.6,328.3,52.7,422.9,20.5,0.5,12.6
2025-05-20 18:00:00+00:00,25.8,51.4,160.5,48.4,420.8,20.7,0.5,13.4
2025-05-20 19:00:00+00:00,25.4,51.5,149.0,50.7,420.2,20.7,0.5,13.2
2025-05-20 20:00:00+00:00,25.1,51.5,149.0,50.4,421.5,18.4,0.5,12.0
2025-05-20 21:00:00+00:00,25.0,51.5,149.0,50.1,422.7,17.3,0.6,10.8
2025-05-20 22:00:00+00:00,24.9,51.6,149.0,49.7,423.4,16.6,0.6,10.1
2025-05-20 23:00:00+00:00,24.4,51.7,149.0,49.7,423.9,14.7,0.6,9.5
2025-05-21 00:00:00+00:00,24.3,50.7,149.0,50.1,431.1,14.0,0.6,9.3
2025-05-21 01:00:00+00:00,24.4,50.6,149.0,49.7,431.1,15.0,0.5,9.5
2025-05-21 02:00:00+00:00,24.7,50.6,149.0,49.7,431.8,15.0,0.5,9.9
2025-05-21 03:00:00+00:00,24.5,50.6,159.9,49.7,432.0,16.2,0.5,11.0
2025-05-21 04:00:00+00:00,24.2,50.3,294.2,49.7,452.6,18.0,0.5,12.0
2025-05-21 05:00:00+00:00,24.1,50.3,316.5,48.3,453.3,18.9,0.5,12.5
2025-05-21 06:00:00+00:00,23.9,50.1,580.2,45.7,467.8,20.3,0.4,12.8
2025-05-21 07:00:00+00:00,23.8,50.4,703.9,45.6,495.2,20.3,0.4,12.8
2025-05-21 08:00:00+00:00,23.8,50.3,733.5,49.7,521.3,15.2,0.4,9.8
2025-05-21 09:00:00+00:00,24.0,50.5,682.4,49.7,512.1,15.4,0.4,9.6
2025-05-21 10:00:00+00:00,24.3,50.5,805.6,49.7,497.8,16.3,0.4,9.6
2025-05-21 11:00:00+00:00,24.5,50.6,1061.2,49.7,494.2,17.3,0.5,10.5
2025-05-21 12:00:00+00:00,24.5,50.7,1188.2,49.7,483.4,16.0,0.5,9.3
2025-05-21 13:00:00+00:00,24.4,51.0,1292.8,49.7,454.2,15.9,0.5,9.5
2025-05-21 14:00:00+00:00,24.8,51.0,1292.8,49.6,446.3,16.7,0.4,10.0
2025-05-21 15:00:00+00:00,25.1,50.9,776.3,49.6,436.4,16.6,0.4,10.0
2025-05-21 16:00:00+00:00,25.3,50.9,364.4,49.6,428.2,16.2,0.5,10.0
2025-05-21 17:00:00+00:00,25.2,50.9,164.1,49.7,422.4,18.0,0.5,10.9
2025-05-21 18:00:00+00:00,25.0,50.8,149.0,50.1,421.6,18.2,0.6,11.4
2025-05-21 19:00:00+00:00,25.2,50.9,149.0,49.7,420.3,17.8,0.6,10.8
2025-05-21 20:00:00+00:00,25.2,50.9,149.0,50.7,421.4,20.7,0.6,13.3
2025-05-21 21:00:00+00:00,25.0,50.9,149.0,45.9,422.6,21.3,0.6,13.6
2025-05-21 22:00:00+00:00,24.9,51.0,149.0,50.4,424.9,18.3,0.7,11.9
2025-05-21 23:00:00+00:00,24.9,51.0,149.0,50.7,424.6,20.1,0.7,12.8
2025-05-22 00:00:00+00:00,24.5,50.7,149.0,49.7,431.2,17.6,0.7,11.8
2025-05-22 01:00:00+00:00,24.2,50.6,149.0,49.7,432.0,18.3,1.0,12.5
2025-05-22 02:00:00+00:00,24.2,50.6,149.0,46.3,432.7,19.6,1.0,13.0
2025-05-22 03:00:00+00:00,23.8,50.6,159.9,45.4,433.3,20.2,0.9,13.0
2025-05-22 04:00:00+00:00,23.8,50.3,294.2,46.1,450.8,19.8,0.8,12.9
2025-05-22 05:00:00+00:00,23.7,50.3,486.3,46.0,449.3,19.7,0.7,12.8
2025-05-22 06:00:00+00:00,23.8,50.1,654.1,45.6,453.6,20.3,0.6,12.8
2025-05-22 07:00:00+00:00,23.9,50.4,712.2,45.7,476.4,20.3,0.5,12.8
2025-05-22 08:00:00+00:00,24.1,50.3,733.5,45.7,481.0,20.3,0.5,12.7
2025-05-22 09:00:00+00:00,24.2,50.5,877.4,50.3,479.0,18.4,0.5,12.1
2025-05-22 10:00:00+00:00,24.3,50.5,941.5,49.7,478.6,16.7,0.5,10.3
2025-05-22 11:00:00+00:00,24.4,50.6,1052.2,49.7,478.2,15.0,0.5,9.2
2025-05-22 12:00:00+00:00,24.4,50.7,1179.2,49.7,480.5,16.9,0.5,10.0
2025-05-22 13:00:00+00:00,24.6,51.0,1283.9,49.7,462.7,16.5,0.5,9.8
2025-05-22 14:00:00+00:00,24.6,51.0,1292.8,49.7,572.3,16.9,0.5,10.1
2025-05-22 15:00:00+00:00,24.8,50.9,1261.8,49.6,542.9,16.6,0.5,10.2
2025-05-22 16:00:00+00:00,25.0,50.9,964.9,49.7,457.0,16.8,0.5,10.9
2025-05-22 17:00:00+00:00,24.8,50.9,328.3,50.4,433.4,18.7,0.5,12.0
2025-05-22 18:00:00+00:00,26.0,50.8,167.5,45.7,430.8,21.6,0.6,13.8
2025-05-22 19:00:00+00:00,25.9,50.9,149.0,45.7,441.7,21.6,0.5,13.9
2025-05-22 20:00:00+00:00,25.6,50.9,149.0,45.3,448.4,21.6,0.6,13.9
2025-05-22 21:00:00+00:00,25.6,50.9,149.0,45.7,428.4,21.6,0.6,13.8
2025-05-22 22:00:00+00:00,25.6,51.0,149.0,45.4,427.3,21.5,0.6,13.7
2025-05-22 23:00:00+00:00,25.6,51.0,149.0,45.9,423.7,21.5,0.6,13.7
2025-05-23 00:00:00+00:00,25.0,50.6,149.0,48.0,430.6,19.0,0.7,12.6
2025-05-23 01:00:00+00:00,24.8,50.6,149.0,45.7,431.1,19.5,0.8,12.8
2025-05-23 02:00:00+00:00,24.9,50.6,149.0,45.6,430.7,19.6,0.7,12.8
2025-05-23 03:00:00+00:00,24.6,50.6,159.9,45.6,431.0,19.6,0.7,12.8
2025-05-23 04:00:00+00:00,24.5,50.3,300.8,45.6,451.0,19.6,0.7,12.8
2025-05-23 05:00:00+00:00,24.0,50.3,525.8,45.7,489.0,19.7,0.7,12.8
2025-05-23 06:00:00+00:00,24.2,50.2,702.2,45.7,488.7,19.7,0.6,12.8
2025-05-23 07:00:00+00:00,23.9,50.4,712.2,45.9,493.1,19.5,0.6,12.7
2025-05-23 08:00:00+00:00,23.9,50.4,733.5,49.7,481.8,18.0,0.5,11.4
2025-05-23 09:00:00+00:00,24.0,50.6,877.4,49.7,487.0,17.1,0.5,10.7
2025-05-23 10:00:00+00:00,24.0,50.5,941.5,49.7,636.8,16.2,0.6,10.4
2025-05-23 11:00:00+00:00,24.1,50.6,1061.2,49.7,691.4,16.2,0.5,10.4
2025-05-23 12:00:00+00:00,24.4,50.6,1188.2,49.7,675.2,16.1,0.5,9.8
2025-05-23 13:00:00+00:00,24.4,50.9,1283.9,49.7,652.1,15.5,0.5,9.9
2025-05-23 14:00:00+00:00,24.5,50.9,957.8,49.7,635.2,14.0,0.5,9.3
2025-05-23 15:00:00+00:00,24.5,50.8,1253.5,49.7,584.3,13.7,0.5,9.1
2025-05-23 16:00:00+00:00,24.6,50.8,537.4,49.6,473.5,14.3,0.6,9.6
2025-05-23 17:00:00+00:00,24.6,50.9,252.1,49.7,460.8,18.0,0.5,11.0
2025-05-23 18:00:00+00:00,25.7,50.7,149.0,49.7,464.4,15.0,0.6,10.6
2025-05-23 19:00:00+00:00,26.0,50.8,149.0,49.7,451.5,14.4,0.6,10.1
2025-05-23 20:00:00+00:00,26.2,50.8,149.0,49.6,453.7,15.6,0.5,9.9
2025-05-23 21:00:00+00:00,26.4,50.8,149.0,50.4,446.3,18.3,0.5,11.6
2025-05-23 22:00:00+00:00,25.5,50.9,149.0,50.7,434.2,20.6,0.6,12.5
2025-05-23 23:00:00+00:00,25.3,50.9,149.0,48.4,428.5,20.7,0.7,13.1
2025-05-24 00:00:00+00:00,25.5,50.6,149.0,48.1,429.1,17.0,0.6,9.1
2025-05-24 01:00:00+00:00,25.4,50.6,149.0,48.3,432.2,15.0,0.5,9.1
2025-05-24 02:00:00+00:00,25.4,50.6,149.0,49.7,429.4,16.2,0.5,11.0
2025-05-24 03:00:00+00:00,25.2,50.5,159.9,46.0,431.0,17.1,0.6,11.5
2025-05-24 04:00:00+00:00,24.9,50.2,275.7,45.9,433.4,17.5,0.5,11.5
2025-05-24 05:00:00+00:00,24.9,50.2,299.6,48.1,439.6,17.6,0.5,11.6
2025-05-24 06:00:00+00:00,24.9,50.0,641.2,45.6,425.3,17.9,0.5,11.7
2025-05-24 07:00:00+00:00,25.5,50.3,703.9,48.3,417.1,17.4,0.4,11.4
2025-05-24 08:00:00+00:00,25.5,50.3,733.5,50.3,418.3,16.6,0.5,11.0
2025-05-24 09:00:00+00:00,25.6,50.4,877.4,49.7,415.9,16.2,0.5,10.1
2025-05-24 10:00:00+00:00,25.6,50.4,950.5,49.7,412.8,13.7,0.5,8.6
2025-05-24 11:00:00+00:00,25.6,50.5,1061.2,49.7,410.5,13.7,0.5,8.5
2025-05-24 12:00:00+00:00,25.7,50.4,1188.2,49.7,407.9,13.7,0.5,8.5
2025-05-24 13:00:00+00:00,25.7,50.8,1292.8,49.7,413.9,15.0,0.5,8.8
2025-05-24 14:00:00+00:00,26.5,50.8,1292.8,49.7,412.8,15.0,0.5,8.9
2025-05-24 15:00:00+00:00,27.3,50.7,935.1,49.6,404.9,13.8,0.5,9.0
2025-05-24 16:00:00+00:00,27.3,50.7,537.4,49.6,404.0,13.8,0.5,8.5
2025-05-24 17:00:00+00:00,26.1,50.8,252.1,49.6,408.3,15.4,0.5,8.8
2025-05-24 18:00:00+00:00,25.9,50.6,149.0,49.7,409.2,15.4,0.6,9.4
2025-05-24 19:00:00+00:00,25.5,50.7,149.0,50.1,412.5,15.0,0.6,9.8
2025-05-24 20:00:00+00:00,25.4,50.7,149.0,49.7,421.5,14.1,0.6,8.8
2025-05-24 21:00:00+00:00,25.1,50.8,149.0,49.6,425.8,11.0,0.7,8.1
2025-05-24 22:00:00+00:00,24.2,50.9,149.0,49.6,427.8,12.6,0.9,8.5
2025-05-24 23:00:00+00:00,24.2,50.9,149.0,49.6,427.8,12.3,1.0,8.3
2025-05-25 00:00:00+00:00,24.1,50.6,149.0,48.1,432.6,10.7,0.7,7.7
2025-05-25 01:00:00+00:00,23.8,50.6,149.0,48.1,434.9,10.9,0.8,7.7
2025-05-25 02:00:00+00:00,23.6,50.6,149.0,48.1,435.7,10.8,0.6,7.7
2025-05-25 03:00:00+00:00,23.5,50.5,159.9,48.1,436.5,10.9,0.6,7.8
2025-05-25 04:00:00+00:00,23.3,50.2,294.2,48.1,444.6,10.8,0.4,7.9
2025-05-25 05:00:00+00:00,23.0,50.2,325.8,50.1,444.8,10.9,0.6,8.0
2025-05-25 06:00:00+00:00,22.6,50.0,628.0,50.1,436.9,10.6,0.8,7.8
2025-05-25 07:00:00+00:00,22.9,50.3,596.2,48.1,436.6,9.7,0.8,7.4
2025-05-25 08:00:00+00:00,22.9,50.3,648.6,50.1,436.9,8.5,0.7,6.9
2025-05-25 09:00:00+00:00,23.1,50.4,755.6,48.1,437.2,8.5,0.8,6.9
2025-05-25 10:00:00+00:00,23.0,50.4,819.8,48.1,435.6,8.8,0.8,6.6
2025-05-25 11:00:00+00:00,23.0,50.5,775.8,47.7,431.8,8.6,0.7,6.6
2025-05-25 12:00:00+00:00,23.1,50.4,706.6,47.7,430.1,8.2,0.7,6.6
2025-05-25 13:00:00+00:00,22.4,50.8,690.0,47.7,430.6,8.2,0.6,6.5
2025-05-25 14:00:00+00:00,22.7,50.8,618.8,47.7,431.8,8.3,0.5,6.5
2025-05-25 15:00:00+00:00,21.8,50.7,388.4,47.1,434.1,8.7,0.4,6.9
2025-05-25 16:00:00+00:00,21.7,50.7,173.7,48.1,435.1,9.1,0.4,7.1
2025-05-25 17:00:00+00:00,22.0,50.8,149.0,48.1,430.5,9.0,0.4,7.0
2025-05-25 18:00:00+00:00,22.2,50.6,149.0,50.1,429.6,9.0,0.3,7.0
2025-05-25 19:00:00+00:00,23.2,50.7,149.0,49.6,428.2,9.0,0.2,6.9
2025-05-25 20:00:00+00:00,23.3,50.7,149.0,49.6,426.6,9.3,0.2,7.4
2025-05-25 21:00:00+00:00,22.1,50.8,149.0,49.6,427.7,9.3,0.1,7.5
2025-05-25 22:00:00+00:00,22.2,50.9,149.0,49.6,428.7,10.0,0.1,7.7
2025-05-25 23:00:00+00:00,22.2,50.9,149.0,49.6,428.4,10.9,0.1,7.8
2025-05-26 00:00:00+00:00,22.4,50.4,149.0,48.1,431.7,12.0,0.3,8.2
2025-05-26 01:00:00+00:00,23.3,50.4,149.0,48.1,431.7,12.2,0.3,8.4
2025-05-26 02:00:00+00:00,23.2,50.3,149.0,48.1,431.9,12.2,0.3,8.4
2025-05-26 03:00:00+00:00,23.4,50.2,159.9,50.1,434.5,13.3,0.3,8.6
2025-05-26 04:00:00+00:00,23.3,49.9,300.8,50.1,455.6,13.3,0.3,8.9
2025-05-26 05:00:00+00:00,23.6,49.9,594.5,50.1,454.7,12.3,0.4,8.6
2025-05-26 06:00:00+00:00,23.6,50.0,702.2,48.1,454.8,10.8,0.4,8.2
2025-05-26 07:00:00+00:00,23.4,50.2,712.2,48.1,489.9,9.9,0.4,7.9
2025-05-26 08:00:00+00:00,23.0,50.1,724.5,47.7,489.4,9.0,0.4,7.3
2025-05-26 09:00:00+00:00,22.7,50.3,877.4,47.7,507.2,8.4,0.4,7.3
2025-05-26 10:00:00+00:00,23.2,50.3,941.5,47.7,494.1,8.9,0.4,7.3
2025-05-26 11:00:00+00:00,23.2,50.3,1052.2,47.7,484.4,8.9,0.4,7.4
2025-05-26 12:00:00+00:00,23.6,50.3,1179.2,47.7,481.2,8.9,0.4,7.4
2025-05-26 13:00:00+00:00,24.4,50.7,1283.9,47.7,461.0,8.9,0.4,7.4
2025-05-26 14:00:00+00:00,24.8,50.7,1292.8,47.7,448.7,8.9,0.4,7.4
2025-05-26 15:00:00+00:00,25.1,50.7,1261.8,47.1,438.3,9.3,0.4,7.5
2025-05-26 16:00:00+00:00,24.6,50.6,1098.9,48.1,427.1,9.5,0.4,7.7
2025-05-26 17:00:00+00:00,24.5,50.7,431.2,49.6,419.1,12.3,0.4,8.8
2025-05-26 18:00:00+00:00,24.4,50.5,167.5,49.6,418.9,13.2,0.4,9.4
2025-05-26 19:00:00+00:00,24.8,50.6,149.0,49.6,421.1,16.2,0.4,9.9
2025-05-26 20:00:00+00:00,25.1,50.6,149.0,50.1,421.9,17.3,0.4,10.5
2025-05-26 21:00:00+00:00,24.8,50.7,149.0,50.7,422.0,18.4,0.4,11.9
2025-05-26 22:00:00+00:00,25.2,50.9,149.0,50.7,422.0,20.7,0.4,12.9
2025-05-26 23:00:00+00:00,25.1,50.8,149.0,48.4,422.3,20.7,0.4,13.1
2025-05-27 00:00:00+00:00,25.1,50.5,149.0,49.7,430.9,16.8,0.5,11.3
2025-05-27 01:00:00+00:00,25.2,50.5,149.0,49.7,430.1,15.0,0.5,10.2
2025-05-27 02:00:00+00:00,25.1,50.4,149.0,49.7,431.5,15.0,0.5,10.2
2025-05-27 03:00:00+00:00,24.8,50.3,159.9,49.7,432.3,17.6,0.5,11.7
2025-05-27 04:00:00+00:00,24.2,50.1,294.2,49.7,452.1,18.1,0.5,12.1
2025-05-27 05:00:00+00:00,23.8,50.1,511.9,49.7,452.7,16.8,0.5,11.4
2025-05-27 06:00:00+00:00,24.0,50.2,702.2,49.6,452.2,12.6,0.5,9.0
2025-05-27 07:00:00+00:00,24.1,50.3,712.2,48.1,471.6,12.1,0.5,8.4
2025-05-27 08:00:00+00:00,23.8,50.2,733.5,47.7,482.4,9.3,0.5,7.3
2025-05-27 09:00:00+00:00,24.0,50.4,877.4,47.7,480.5,8.7,0.4,7.3
2025-05-27 10:00:00+00:00,23.7,50.4,941.5,47.7,496.7,9.0,0.4,7.3
2025-05-27 11:00:00+00:00,24.0,50.4,1052.2,47.7,489.0,9.8,0.4,7.5
2025-05-27 12:00:00+00:00,24.3,50.5,1179.2,47.7,484.0,9.8,0.5,7.5
2025-05-27 13:00:00+00:00,24.3,50.8,1283.9,47.7,463.5,10.0,0.5,7.5
2025-05-27 14:00:00+00:00,24.6,50.8,1292.8,48.1,451.0,10.0,0.5,7.6
2025-05-27 15:00:00+00:00,24.8,50.8,1261.8,48.1,437.4,9.9,0.5,7.6
2025-05-27 16:00:00+00:00,24.9,50.8,1098.9,50.1,428.6,9.6,0.4,7.8
2025-05-27 17:00:00+00:00,25.1,50.8,431.2,49.6,421.5,12.6,0.4,9.0
2025-05-27 18:00:00+00:00,25.1,50.7,167.5,49.6,419.6,12.6,0.4,9.1
2025-05-27 19:00:00+00:00,25.2,50.8,149.0,49.6,420.6,12.9,0.4,9.2
2025-05-27 20:00:00+00:00,25.4,50.8,149.0,49.6,420.9,13.9,0.5,9.4
2025-05-27 21:00:00+00:00,25.3,50.8,149.0,49.7,421.4,16.2,0.5,9.8
2025-05-27 22:00:00+00:00,25.4,51.0,149.0,50.1,421.4,17.3,0.5,10.7
2025-05-27 23:00:00+00:00,25.3,51.0,149.0,50.4,421.3,17.9,0.4,11.3
2025-05-28 00:00:00+00:00,25.1,50.5,149.0,49.7,430.1,15.2,0.5,9.6
2025-05-28 01:00:00+00:00,25.1,50.6,149.0,50.3,431.0,14.0,0.5,9.4
2025-05-28 02:00:00+00:00,25.0,50.6,149.0,49.7,431.6,14.5,0.5,9.4
2025-05-28 03:00:00+00:00,24.5,50.4,159.9,49.7,431.9,14.8,0.5,9.5
2025-05-28 04:00:00+00:00,24.5,50.3,294.2,49.7,451.7,14.3,0.5,9.3
2025-05-28 05:00:00+00:00,24.0,50.3,486.3,49.7,451.8,13.5,0.5,9.2
2025-05-28 06:00:00+00:00,23.7,50.4,702.2,48.1,451.9,12.0,0.5,8.5
2025-05-28 07:00:00+00:00,23.7,50.7,712.2,47.7,475.9,9.3,0.5,7.5
2025-05-28 08:00:00+00:00,23.6,50.6,724.5,47.7,519.4,9.1,0.4,7.3
2025-05-28 09:00:00+00:00,23.9,50.7,877.4,47.7,514.2,8.8,0.4,7.3
2025-05-28 10:00:00+00:00,23.9,50.7,941.5,47.7,499.7,9.4,0.4,7.3
2025-05-28 11:00:00+00:00,23.9,50.7,1052.2,48.1,490.1,10.0,0.4,7.5
2025-05-28 12:00:00+00:00,24.2,50.6,1179.2,48.1,486.0,10.0,0.4,7.5
2025-05-28 13:00:00+00:00,24.4,50.7,1292.8,50.1,466.0,10.2,0.4,7.7
2025-05-28 14:00:00+00:00,24.6,50.8,1292.8,50.1,452.5,10.0,0.4,7.9
2025-05-28 15:00:00+00:00,24.8,50.7,1261.8,49.6,442.0,10.3,0.4,8.0
2025-05-28 16:00:00+00:00,24.9,50.7,964.9,49.6,429.1,10.8,0.4,8.3
2025-05-28 17:00:00+00:00,25.0,50.7,431.2,49.6,418.2,12.3,0.4,9.0
2025-05-28 18:00:00+00:00,24.9,50.5,160.5,49.6,418.2,12.9,0.4,9.2
2025-05-28 19:00:00+00:00,25.3,50.4,149.0,49.6,420.2,13.5,0.4,9.4
2025-05-28 20:00:00+00:00,25.1,50.4,149.0,49.6,420.6,14.7,0.5,9.6
2025-05-28 21:00:00+00:00,24.9,50.4,149.0,49.7,421.8,17.1,0.5,10.6
2025-05-28 22:00:00+00:00,24.9,50.6,149.0,50.7,422.3,18.5,0.5,11.9
2025-05-28 23:00:00+00:00,24.9,50.6,149.0,48.4,422.5,20.7,0.5,13.0
2025-05-29 00:00:00+00:00,24.4,50.5,149.0,49.7,431.0,18.3,0.5,12.3
2025-05-29 01:00:00+00:00,24.1,50.6,149.0,50.1,431.1,18.6,0.5,12.4
2025-05-29 02:00:00+00:00,24.2,50.6,149.0,50.1,431.7,18.6,0.5,12.5
2025-05-29 03:00:00+00:00,24.1,50.4,159.9,48.3,432.0,19.6,0.5,12.8
2025-05-29 04:00:00+00:00,23.9,50.3,300.8,50.3,450.8,18.4,0.5,12.1
2025-05-29 05:00:00+00:00,23.7,50.3,606.6,48.3,451.6,18.9,0.5,12.4
2025-05-29 06:00:00+00:00,23.8,50.4,702.2,50.3,452.7,18.1,0.5,12.2
2025-05-29 07:00:00+00:00,23.5,50.7,712.2,49.7,507.7,13.7,0.5,9.3
2025-05-29 08:00:00+00:00,23.7,50.6,724.5,49.6,522.8,11.6,0.4,8.7
2025-05-29 09:00:00+00:00,23.7,50.7,877.4,49.6,517.7,12.3,0.4,8.8
2025-05-29 10:00:00+00:00,24.0,50.7,941.5,49.6,496.5,12.8,0.4,8.8
2025-05-29 11:00:00+00:00,24.2,50.7,1052.2,49.7,489.0,13.5,0.4,9.0
2025-05-29 12:00:00+00:00,24.7,50.6,1188.2,49.7,484.9,16.0,0.4,9.4
2025-05-29 13:00:00+00:00,24.9,50.7,1292.8,49.7,474.0,14.3,0.4,8.9
2025-05-29 14:00:00+00:00,25.1,50.8,786.6,49.7,456.9,14.2,0.4,8.9
2025-05-29 15:00:00+00:00,24.5,50.7,536.9,49.7,437.5,12.8,0.5,9.1
2025-05-29 16:00:00+00:00,24.8,50.7,357.8,49.6,429.9,10.8,0.5,8.7
2025-05-29 17:00:00+00:00,25.0,50.7,175.6,49.6,425.1,11.3,0.5,8.6
2025-05-29 18:00:00+00:00,25.3,50.5,149.0,49.6,420.9,11.1,0.5,8.5
2025-05-29 19:00:00+00:00,25.1,50.4,149.0,49.6,420.6,13.0,0.6,8.7
2025-05-29 20:00:00+00:00,24.7,50.4,149.0,49.6,422.4,13.0,0.6,9.0
2025-05-29 21:00:00+00:00,24.7,50.4,149.0,49.6,422.8,13.0,0.6,9.0
2025-05-29 22:00:00+00:00,24.7,50.6,149.0,49.6,422.8,13.0,0.6,9.0
2025-05-29 23:00:00+00:00,24.5,50.6,149.0,49.6,423.5,13.0,0.6,8.9
2025-05-30 00:00:00+00:00,24.1,50.8,149.0,48.1,431.2,11.5,0.8,8.3
2025-05-30 01:00:00+00:00,24.0,50.9,149.0,48.1,432.1,11.7,1.2,8.3
2025-05-30 02:00:00+00:00,24.0,50.9,149.0,48.1,432.4,11.9,1.2,8.6
2025-05-30 03:00:00+00:00,23.9,50.7,159.9,50.1,432.9,13.2,1.2,8.7
2025-05-30 04:00:00+00:00,23.7,50.6,260.5,50.1,446.2,13.2,1.2,8.9
2025-05-30 05:00:00+00:00,23.2,50.6,275.7,49.7,449.8,13.1,1.1,9.1
2025-05-30 06:00:00+00:00,23.1,50.8,287.2,48.1,448.0,11.6,0.8,8.4
2025-05-30 07:00:00+00:00,23.2,51.1,464.8,48.1,475.7,9.6,0.7,7.9
2025-05-30 08:00:00+00:00,23.3,51.1,541.7,47.7,489.0,9.3,0.6,7.5
2025-05-30 09:00:00+00:00,23.2,51.1,741.5,50.1,479.9,9.3,0.6,7.7
2025-05-30 10:00:00+00:00,23.6,51.1,977.3,50.1,475.0,10.8,0.5,8.0
2025-05-30 11:00:00+00:00,23.6,51.1,1061.2,50.1,482.3,11.3,0.5,8.4
2025-05-30 12:00:00+00:00,24.0,51.0,1188.2,49.6,485.5,11.7,0.5,8.7
2025-05-30 13:00:00+00:00,24.3,51.0,1292.8,49.6,465.2,11.9,0.5,8.7
2025-05-30 14:00:00+00:00,24.4,51.0,1292.8,49.6,451.6,10.8,0.5,8.4
2025-05-30 15:00:00+00:00,24.6,50.9,900.6,49.6,437.9,9.8,0.5,8.3
2025-05-30 16:00:00+00:00,24.8,50.9,406.9,49.6,432.4,10.1,0.5,8.2
2025-05-30 17:00:00+00:00,24.7,51.0,189.2,49.6,435.7,10.8,0.5,8.7
2025-05-30 18:00:00+00:00,25.2,50.6,149.0,49.6,432.2,11.9,0.5,9.0
2025-05-30 19:00:00+00:00,24.8,50.6,149.0,49.6,425.5,13.5,0.5,9.4
2025-05-30 20:00:00+00:00,25.0,50.6,149.0,49.7,425.2,14.2,0.6,9.8
2025-05-30 21:00:00+00:00,24.6,50.6,149.0,49.7,425.6,14.6,0.6,9.8
2025-05-30 22:00:00+00:00,24.8,50.8,149.0,50.1,428.3,17.9,0.8,11.0
2025-05-30 23:00:00+00:00,24.4,50.8,149.0,48.3,426.9,20.7,0.8,13.4
2025-05-31 00:00:00+00:00,24.0,50.9,149.0,46.4,435.1,17.3,1.0,11.7
2025-05-31 01:00:00+00:00,24.0,51.1,149.0,45.7,436.9,17.5,1.2,12.2
2025-05-31 02:00:00+00:00,24.0,51.1,149.0,45.9,437.3,17.5,1.1,12.0
2025-05-31 03:00:00+00:00,23.9,51.0,159.9,48.3,438.0,16.4,1.2,11.8
2025-05-31 04:00:00+00:00,23.7,51.0,300.8,48.3,437.4,17.1,0.9,11.5
2025-05-31 05:00:00+00:00,23.5,51.0,511.9,48.3,433.9,16.3,0.7,11.4
2025-05-31 06:00:00+00:00,23.4,51.1,645.5,49.7,434.0,13.7,0.6,9.8
2025-05-31 07:00:00+00:00,23.5,51.5,730.7,49.7,432.8,14.1,0.6,9.0
2025-05-31 08:00:00+00:00,23.9,51.4,760.3,49.7,430.8,14.1,0.5,8.8
2025-05-31 09:00:00+00:00,24.2,51.3,913.1,49.7,424.4,14.8,0.4,9.1
2025-05-31 10:00:00+00:00,25.0,51.3,977.3,49.7,417.2,15.5,0.4,9.4
2025-05-31 11:00:00+00:00,25.0,51.4,1061.2,49.7,415.7,14.8,0.4,9.0
2025-05-31 12:00:00+00:00,24.4,51.2,1188.2,49.7,414.2,15.6,0.5,9.4
2025-05-31 13:00:00+00:00,24.6,51.1,1292.8,49.7,407.5,16.0,0.4,9.8
2025-05-31 14:00:00+00:00,26.0,51.1,1284.5,50.1,406.4,16.1,0.4,10.3
2025-05-31 15:00:00+00:00,26.6,51.0,981.9,50.7,406.3,17.2,0.4,11.5
2025-05-31 16:00:00+00:00,25.6,51.0,759.4,45.9,406.1,19.0,0.4,12.1
2025-05-31 17:00:00+00:00,26.3,51.1,380.9,50.7,406.2,18.5,0.4,11.8
2025-05-31 18:00:00+00:00,25.8,50.7,182.6,50.7,408.5,18.3,0.5,12.0
2025-05-31 19:00:00+00:00,25.7,50.6,149.0,45.9,411.7,19.3,0.6,12.3
2025-05-31 20:00:00+00:00,25.7,50.6,149.0,48.3,415.1,18.4,0.6,12.0
2025-05-31 21:00:00+00:00,25.5,50.7,149.0,48.4,420.7,17.9,0.6,11.8
2025-05-31 22:00:00+00:00,25.6,50.9,149.0,50.7,421.8,18.0,0.5,11.6
2025-05-31 23:00:00+00:00,25.6,50.9,149.0,50.7,422.4,18.0,0.5,11.5
